#
# A fatal error has been detected by the Java Runtime Environment:
#
#  SIGSEGV (0xb) at pc=0x00000001966dd820, pid=5069, tid=0x0000000000002203
#
# JRE version: OpenJDK Runtime Environment (Zulu 8.96.0.19-CA-macos-aarch64) (8.0_502-b07) (build 1.8.0_502-b07)
# Java VM: OpenJDK 64-Bit Server VM (25.502-b07 mixed mode bsd-aarch64 compressed oops)
# Problematic frame:
# C  [libobjc.A.dylib+0x9820]  objc_msgSend+0x20
#
# Failed to write core dump. Core dumps have been disabled. To enable core dumping, try "ulimit -c unlimited" before starting Java again
#
# If you would like to submit a bug report, please visit:
#   http://www.azul.com/support/
# The crash happened outside the Java Virtual Machine in native code.
# See problematic frame for where to report the bug.
#

---------------  T H R E A D  ---------------

Current thread (0x0000000136017000):  JavaThread "Client thread" [_thread_in_native, id=8707, stack(0x000000016bc60000,0x000000016be63000)]

siginfo: si_signo: 11 (SIGSEGV), si_code: 2 (SEGV_ACCERR), si_addr: 0x00002fbfcab8a570

Registers:
 x0=0x00006000034da560  x1=0x00000002116982c8  x2=0x0000000000000102  x3=0x0000000000000000
 x4=0x0000000000000000  x5=0x0000000000000020  x6=0x00000001400e0738  x7=0x00000001400e0750
 x8=0x000000012563a188  x9=0x0000000000000103 x10=0x6ae16000034da560 x11=0x0000010000000102
x12=0x0000000000000001 x13=0x0000000000000294 x14=0x00002fbfcab8a560 x15=0x00002fbfcab8a560
x16=0x00002fbfcab8a560 x17=0x0000000124e44138 x18=0x0000000000000000 x19=0x0000000000000000
x20=0x0000600003aa0600 x21=0x0000000125639f60 x22=0x0000000000000000 x23=0x00000001400cae10
x24=0x000000000000000a x25=0x000000014009a580 x26=0x0000000000000004 x27=0x000000014009ac48
x28=0x000000014009a280  fp=0x000000016be61ae0  lr=0x0000000124df863c  sp=0x000000016be61a90
pc=0x00000001966dd820 cpsr=0x0000000020001000
Top of Stack: (sp=0x000000016be61a90)
0x000000016be61a90:   0000000000000004 000000014009a580
0x000000016be61aa0:   0000000000000004 000000014009a580
0x000000016be61ab0:   000000000000000a 00000001400cae10
0x000000016be61ac0:   00000001400cae9c 00000001400c88f8
0x000000016be61ad0:   00000001400caab0 00000001400c0000
0x000000016be61ae0:   000000016be61b20 0000000124e0158c
0x000000016be61af0:   0000000125dc9e18 00000001400c9b20
0x000000016be61b00:   00000001400cae9c 00000001400c88f8
0x000000016be61b10:   0000000135851d08 00000001400c0000
0x000000016be61b20:   000000016be61b60 0000000124e01864
0x000000016be61b30:   0000000125dc9e18 000000000000000c
0x000000016be61b40:   00000001400c8a00 00000001400cae80
0x000000016be61b50:   000000016be61bcc 00000001400c0000
0x000000016be61b60:   000000016be61bb0 0000000124e11b68
0x000000016be61b70:   0000000000000000 0000000000000000
0x000000016be61b80:   0000000125dc9e18 0000000000000080
0x000000016be61b90:   0000000000000000 0000000000000007
0x000000016be61ba0:   0000000000000018 000000014009a280
0x000000016be61bb0:   000000016be61be0 00000001f7296ebc
0x000000016be61bc0:   000000000000007d 0000000c00000001
0x000000016be61bd0:   0000000000005144 0000000140090000
0x000000016be61be0:   000000016be61cf0 00000001f72fbfc0
0x000000016be61bf0:   0000000125dc9c28 0000000125dca040
0x000000016be61c00:   0000000140095144 0804e42300000001
0x000000016be61c10:   0000000000000000 0000000000000000
0x000000016be61c20:   0000000000000000 0000000000000000
0x000000016be61c30:   0000000000000000 0000000000000000
0x000000016be61c40:   0000000000000000 0000000000000000
0x000000016be61c50:   0000000000000000 0000000000000000
0x000000016be61c60:   0000000000000000 0000000000000000
0x000000016be61c70:   0000000000000000 0000000000000000
0x000000016be61c80:   0000000000000000 0000000000000000 

Instructions: (pc=0x00000001966dd820)
0x00000001966dd800:   f100001f 540003cd f940000e 927dcdd0
0x00000001966dd810:   aa0003ea f2ed5c2a dac11950 aa1003ef
0x00000001966dd820:   f9400a0a d370fd4b 9240bd4a 0a0b002c
0x00000001966dd830:   8b0c114d a8ff25b1 eb01013f 54000081 

Register to memory mapping:

 x0=0x00006000034da560 is an unknown value
 x1=0x00000002116982c8 is an unknown value
 x2=0x0000000000000102 is an unknown value
 x3=0x0000000000000000 is an unknown value
 x4=0x0000000000000000 is an unknown value
 x5=0x0000000000000020 is an unknown value
 x6=0x00000001400e0738 is an unknown value
 x7=0x00000001400e0750 is an unknown value
 x8=0x000000012563a188 is an unknown value
 x9=0x0000000000000103 is an unknown value
x10=0x6ae16000034da560 is an unknown value
x11=0x0000010000000102 is an unknown value
x12=0x0000000000000001 is an unknown value
x13=0x0000000000000294 is an unknown value
x14=0x00002fbfcab8a560 is an unknown value
x15=0x00002fbfcab8a560 is an unknown value
x16=0x00002fbfcab8a560 is an unknown value
x17=0x0000000124e44138: <offset 0x68138> in /System/Library/Extensions/AppleMetalOpenGLRenderer.bundle/Contents/MacOS/AppleMetalOpenGLRenderer at 0x0000000124ddc000
x18=0x0000000000000000 is an unknown value
x19=0x0000000000000000 is an unknown value
x20=0x0000600003aa0600 is an unknown value
x21=0x0000000125639f60 is an unknown value
x22=0x0000000000000000 is an unknown value
x23=0x00000001400cae10 is an unknown value
x24=0x000000000000000a is an unknown value
x25=0x000000014009a580 is an unknown value
x26=0x0000000000000004 is an unknown value
x27=0x000000014009ac48 is an unknown value
x28=0x000000014009a280 is an unknown value


Stack: [0x000000016bc60000,0x000000016be63000],  sp=0x000000016be61a90,  free space=2054k
Native frames: (J=compiled Java code, j=interpreted, Vv=VM code, C=native code)
C  [libobjc.A.dylib+0x9820]  objc_msgSend+0x20
C  [AppleMetalOpenGLRenderer+0x2558c]  GLDContextRec::addRenderPassResources()+0x40
C  [AppleMetalOpenGLRenderer+0x25864]  GLDContextRec::beginRenderPass()+0x24c
C  [AppleMetalOpenGLRenderer+0x35b68]  gldBeginPrimitiveBuffer(GLDContextRec*, unsigned int, int*)+0x11c
C  [GLEngine+0xf1ebc]  gleBeginPrimitiveTCLFunc+0x58
C  [GLEngine+0x156fc0]  gleDrawArraysOrElements_ExecCore+0x1fc
C  [GLEngine+0xbaf48]  glDrawArrays_IMM_Exec+0x2a0
J 2581  org.lwjgl.opengl.GL11.nglDrawArrays(IIIJ)V (0 bytes) @ 0x000000010689c6cc [0x000000010689c640+0x8c]
C  [GLEngine+0x4e0e4]  glBindFramebuffer_Exec+0x88
C  0x000002bb000003ac

Java frames: (J=compiled Java code, j=interpreted, Vv=VM code)
J 2581  org.lwjgl.opengl.GL11.nglDrawArrays(IIIJ)V (0 bytes) @ 0x000000010689c6d0 [0x000000010689c640+0x90]
J 5494 C2 bmh.a()I (330 bytes) @ 0x0000000106b695f8 [0x0000000106b69080+0x578]
J 6438 C2 bmg.c(II)V (244 bytes) @ 0x0000000106bd2940 [0x0000000106bd1cc0+0xc80]
J 11849 C2 bao.ak()V (745 bytes) @ 0x00000001073fa370 [0x00000001073f9180+0x11f0]
J 11020% C1 bao.f()V (211 bytes) @ 0x000000010726d56c [0x000000010726d3c0+0x1ac]
j  net.minecraft.client.main.Main.main([Ljava/lang/String;)V+1007
v  ~StubRoutines::call_stub
j  sun.reflect.NativeMethodAccessorImpl.invoke0(Ljava/lang/reflect/Method;Ljava/lang/Object;[Ljava/lang/Object;)Ljava/lang/Object;+0
j  sun.reflect.NativeMethodAccessorImpl.invoke(Ljava/lang/Object;[Ljava/lang/Object;)Ljava/lang/Object;+100
j  sun.reflect.DelegatingMethodAccessorImpl.invoke(Ljava/lang/Object;[Ljava/lang/Object;)Ljava/lang/Object;+6
j  java.lang.reflect.Method.invoke(Ljava/lang/Object;[Ljava/lang/Object;)Ljava/lang/Object;+56
j  net.minecraft.launchwrapper.Launch.launch([Ljava/lang/String;)V+661
j  net.minecraft.launchwrapper.Launch.main([Ljava/lang/String;)V+8
v  ~StubRoutines::call_stub

---------------  P R O C E S S  ---------------

Java Threads: ( => current thread )
  0x0000000115ef4800 JavaThread "Netty IO #8" daemon [_thread_in_native, id=106287, stack(0x000000030a64c000,0x000000030a84f000)]
  0x0000000137c86800 JavaThread "Netty IO #7" daemon [_thread_in_native, id=125235, stack(0x000000030a240000,0x000000030a443000)]
  0x0000000137603800 JavaThread "Thread-10" [_thread_blocked, id=121687, stack(0x000000036235c000,0x000000036255f000)]
  0x0000000125e1b800 JavaThread "Thread-9" [_thread_blocked, id=98839, stack(0x000000016f248000,0x000000016f44b000)]
  0x000000032348d000 JavaThread "Netty IO #6" daemon [_thread_in_native, id=21283, stack(0x000000030aa9c000,0x000000030ac9f000)]
  0x00000003693cc800 JavaThread "Netty IO #5" daemon [_thread_in_native, id=12991, stack(0x000000030a890000,0x000000030aa93000)]
  0x0000000137654000 JavaThread "Java2D Queue Flusher" daemon [_thread_blocked, id=104979, stack(0x000000030dea4000,0x000000030e0a7000)]
  0x00000001625ef000 JavaThread "Netty IO #4" daemon [_thread_in_native, id=119359, stack(0x000000030d2c0000,0x000000030d4c3000)]
  0x0000000162178800 JavaThread "Netty IO #3" daemon [_thread_in_native, id=114039, stack(0x000000030ce68000,0x000000030d06b000)]
  0x000000013790f800 JavaThread "LanServerPinger #1" daemon [_thread_blocked, id=114287, stack(0x00000003253ac000,0x00000003255af000)]
  0x000000012607c000 JavaThread "Netty IO #2" daemon [_thread_in_native, id=104507, stack(0x00000003251a0000,0x00000003253a3000)]
  0x0000000136c06800 JavaThread "File IO Thread" [_thread_blocked, id=115371, stack(0x0000000306904000,0x0000000306b07000)]
  0x0000000137f2c000 JavaThread "VertexChunkBuild-5" daemon [_thread_blocked, id=103939, stack(0x0000000301894000,0x0000000301a97000)]
  0x0000000137f2b800 JavaThread "VertexChunkBuild-4" daemon [_thread_blocked, id=115971, stack(0x0000000301688000,0x000000030188b000)]
  0x0000000137f2a800 JavaThread "VertexChunkBuild-3" daemon [_thread_blocked, id=103427, stack(0x000000030147c000,0x000000030167f000)]
  0x0000000137f29800 JavaThread "VertexChunkBuild-2" daemon [_thread_blocked, id=116739, stack(0x0000000301270000,0x0000000301473000)]
  0x00000001378c8000 JavaThread "VertexChunkBuild-1" daemon [_thread_blocked, id=116995, stack(0x0000000301064000,0x0000000301267000)]
  0x0000000137cb3000 JavaThread "VertexChunkBuild-0" daemon [_thread_blocked, id=117251, stack(0x0000000300e58000,0x000000030105b000)]
  0x0000000136a5e000 JavaThread "Netty IO #1" daemon [_thread_in_native, id=117763, stack(0x0000000300a40000,0x0000000300c43000)]
  0x00000001262d5800 JavaThread "Netty Client IO #3" daemon [_thread_in_native, id=118275, stack(0x0000000300834000,0x0000000300a37000)]
  0x000000013684a000 JavaThread "Netty IO #0" daemon [_thread_in_native, id=101931, stack(0x0000000300628000,0x000000030082b000)]
  0x0000000137d37000 JavaThread "Server thread" [_thread_blocked, id=66311, stack(0x000000030041c000,0x000000030061f000)]
  0x0000000136da6800 JavaThread "Snooper Timer" daemon [_thread_blocked, id=44671, stack(0x0000000300210000,0x0000000300413000)]
  0x000000016269f800 JavaThread "Netty Client IO #2" daemon [_thread_in_native, id=119043, stack(0x0000000300004000,0x0000000300207000)]
  0x0000000115260800 JavaThread "Netty Client IO #0" daemon [_thread_in_native, id=101379, stack(0x000000016fbd4000,0x000000016fdd7000)]
  0x0000000126542000 JavaThread "Netty Client IO #1" daemon [_thread_in_native, id=100879, stack(0x000000016f9c8000,0x000000016fbcb000)]
  0x0000000125df5800 JavaThread "Server Pinger #1" daemon [_thread_blocked, id=100355, stack(0x000000016f710000,0x000000016f913000)]
  0x000000013752c800 JavaThread "Server Pinger #0" daemon [_thread_blocked, id=10571, stack(0x000000016ee30000,0x000000016f033000)]
  0x0000000136576800 JavaThread "Java2D Disposer" daemon [_thread_blocked, id=70935, stack(0x000000016eb98000,0x000000016ed9b000)]
  0x0000000125c53000 JavaThread "Timer hack thread" daemon [_thread_blocked, id=57099, stack(0x000000016e98c000,0x000000016eb8f000)]
  0x0000000135d62000 JavaThread "Snooper Timer" daemon [_thread_blocked, id=59663, stack(0x000000016e780000,0x000000016e983000)]
  0x0000000136428000 JavaThread "AWT-Shutdown" [_thread_blocked, id=42255, stack(0x000000016e45c000,0x000000016e65f000)]
  0x0000000125be7000 JavaThread "AppKit Thread" daemon [_thread_in_native, id=259, stack(0x0000000169bd0000,0x000000016bbd0000)]
  0x000000012601b000 JavaThread "Service Thread" daemon [_thread_blocked, id=21763, stack(0x000000016e044000,0x000000016e247000)]
  0x0000000126008800 JavaThread "C1 CompilerThread3" daemon [_thread_blocked, id=19459, stack(0x000000016de38000,0x000000016e03b000)]
  0x0000000125808800 JavaThread "C2 CompilerThread2" daemon [_thread_blocked, id=18691, stack(0x000000016dc2c000,0x000000016de2f000)]
  0x0000000135877800 JavaThread "C2 CompilerThread1" daemon [_thread_blocked, id=18179, stack(0x000000016da20000,0x000000016dc23000)]
  0x0000000135875800 JavaThread "C2 CompilerThread0" daemon [_thread_blocked, id=19715, stack(0x000000016d814000,0x000000016da17000)]
  0x0000000136045800 JavaThread "Signal Dispatcher" daemon [_thread_blocked, id=20227, stack(0x000000016d608000,0x000000016d80b000)]
  0x0000000135850000 JavaThread "Finalizer" daemon [_thread_blocked, id=12291, stack(0x000000016d2e4000,0x000000016d4e7000)]
  0x000000013602a800 JavaThread "Reference Handler" daemon [_thread_blocked, id=12035, stack(0x000000016d0d8000,0x000000016d2db000)]
=>0x0000000136017000 JavaThread "Client thread" [_thread_in_native, id=8707, stack(0x000000016bc60000,0x000000016be63000)]

Other Threads:
  0x000000013584d000 VMThread [stack: 0x000000016cecc000,0x000000016d0cf000] [id=11779]
  0x0000000125811000 WatcherThread [stack: 0x000000016e250000,0x000000016e453000] [id=32515]

VM state:not at safepoint (normal execution)

VM Mutex/Monitor currently owned by a thread: None

heap address: 0x0000000740000000, size: 2048 MB, Compressed Oops mode: Zero based, Oop shift amount: 3
Narrow klass base: 0x0000000800000000, Narrow klass shift: 0
Compressed class space size: 1073741824 Address: 0x0000000800000000

Heap:
 PSYoungGen      total 479232K, used 110741K [0x0000000795580000, 0x00000007ba900000, 0x00000007c0000000)
  eden space 378880K, 8% used [0x0000000795580000,0x000000079737c580,0x00000007ac780000)
  from space 100352K, 79% used [0x00000007b3380000,0x00000007b81a9040,0x00000007b9580000)
  to   space 110592K, 0% used [0x00000007ac780000,0x00000007ac780000,0x00000007b3380000)
 ParOldGen       total 360448K, used 329560K [0x0000000740000000, 0x0000000756000000, 0x0000000795580000)
  object space 360448K, 91% used [0x0000000740000000,0x00000007541d6180,0x0000000756000000)
 Metaspace       used 39810K, capacity 40387K, committed 40832K, reserved 1085440K
  class space    used 4553K, capacity 4678K, committed 4736K, reserved 1048576K

Card table byte_map: [0x0000000104774000,0x0000000104b78000] byte_map_base: 0x0000000100d74000

Marking Bits: (ParMarkBitMap*) 0x00000001058e5c88
 Begin Bits: [0x000000010df60000, 0x000000010ff60000)
 End Bits:   [0x000000010ff60000, 0x0000000111f60000)

Polling page: 0x00000001042f4000

CodeCache: size=131072Kb used=29231Kb max_used=29367Kb free=101840Kb
 bounds [0x0000000105f60000, 0x0000000107c70000, 0x000000010df60000]
 total_blobs=7820 nmethods=6984 adapters=749
 compilation: enabled

Compilation events (10 events):
Event: 675.514 Thread 0x0000000126008800 12539       3       java.lang.ReflectiveOperationException::<init> (6 bytes)
Event: 675.515 Thread 0x0000000126008800 nmethod 12539 0x0000000107b8ba10 code [0x0000000107b8bb80, 0x0000000107b8bd28]
Event: 675.551 Thread 0x0000000126008800 12540       3       bjb::a (120 bytes)
Event: 675.552 Thread 0x0000000126008800 nmethod 12540 0x0000000106bda190 code [0x0000000106bda3c0, 0x0000000106bda9c8]
Event: 676.012 Thread 0x0000000126008800 12541       3       java.lang.reflect.InvocationTargetException::<init> (14 bytes)
Event: 676.012 Thread 0x0000000126008800 nmethod 12541 0x0000000106ca3350 code [0x0000000106ca34c0, 0x0000000106ca36e8]
Event: 676.698 Thread 0x0000000126008800 12543       3       java.lang.IllegalArgumentException::<init> (5 bytes)
Event: 676.698 Thread 0x0000000126008800 nmethod 12543 0x0000000107743a50 code [0x0000000107743bc0, 0x0000000107743da8]
Event: 677.645 Thread 0x0000000125808800 12546       4       yz::h (541 bytes)
Event: 677.702 Thread 0x0000000125808800 nmethod 12546 0x00000001076e1f50 code [0x00000001076e2540, 0x00000001076e5908]

GC Heap History (10 events):
Event: 622.620 GC heap before
{Heap before GC invocations=84 (full 6):
 PSYoungGen      total 431104K, used 431094K [0x0000000795580000, 0x00000007b4400000, 0x00000007c0000000)
  eden space 402944K, 100% used [0x0000000795580000,0x00000007adf00000,0x00000007adf00000)
  from space 28160K, 99% used [0x00000007adf00000,0x00000007afa7d8d0,0x00000007afa80000)
  to   space 49664K, 0% used [0x00000007b1380000,0x00000007b1380000,0x00000007b4400000)
 ParOldGen       total 360448K, used 304341K [0x0000000740000000, 0x0000000756000000, 0x0000000795580000)
  object space 360448K, 84% used [0x0000000740000000,0x0000000752935460,0x0000000756000000)
 Metaspace       used 39788K, capacity 40387K, committed 40832K, reserved 1085440K
  class space    used 4553K, capacity 4678K, committed 4736K, reserved 1048576K
Event: 622.629 GC heap after
Heap after GC invocations=84 (full 6):
 PSYoungGen      total 441344K, used 49644K [0x0000000795580000, 0x00000007b6300000, 0x00000007c0000000)
  eden space 391680K, 0% used [0x0000000795580000,0x0000000795580000,0x00000007ad400000)
  from space 49664K, 99% used [0x00000007b1380000,0x00000007b43fb3e0,0x00000007b4400000)
  to   space 65024K, 0% used [0x00000007ad400000,0x00000007ad400000,0x00000007b1380000)
 ParOldGen       total 360448K, used 321159K [0x0000000740000000, 0x0000000756000000, 0x0000000795580000)
  object space 360448K, 89% used [0x0000000740000000,0x00000007539a1f60,0x0000000756000000)
 Metaspace       used 39788K, capacity 40387K, committed 40832K, reserved 1085440K
  class space    used 4553K, capacity 4678K, committed 4736K, reserved 1048576K
}
Event: 632.987 GC heap before
{Heap before GC invocations=85 (full 6):
 PSYoungGen      total 441344K, used 441324K [0x0000000795580000, 0x00000007b6300000, 0x00000007c0000000)
  eden space 391680K, 100% used [0x0000000795580000,0x00000007ad400000,0x00000007ad400000)
  from space 49664K, 99% used [0x00000007b1380000,0x00000007b43fb3e0,0x00000007b4400000)
  to   space 65024K, 0% used [0x00000007ad400000,0x00000007ad400000,0x00000007b1380000)
 ParOldGen       total 360448K, used 321159K [0x0000000740000000, 0x0000000756000000, 0x0000000795580000)
  object space 360448K, 89% used [0x0000000740000000,0x00000007539a1f60,0x0000000756000000)
 Metaspace       used 39794K, capacity 40387K, committed 40832K, reserved 1085440K
  class space    used 4553K, capacity 4678K, committed 4736K, reserved 1048576K
Event: 632.995 GC heap after
Heap after GC invocations=85 (full 6):
 PSYoungGen      total 456704K, used 65002K [0x0000000795580000, 0x00000007b7480000, 0x00000007c0000000)
  eden space 391680K, 0% used [0x0000000795580000,0x0000000795580000,0x00000007ad400000)
  from space 65024K, 99% used [0x00000007ad400000,0x00000007b137ab30,0x00000007b1380000)
  to   space 79872K, 0% used [0x00000007b2680000,0x00000007b2680000,0x00000007b7480000)
 ParOldGen       total 360448K, used 329496K [0x0000000740000000, 0x0000000756000000, 0x0000000795580000)
  object space 360448K, 91% used [0x0000000740000000,0x00000007541c6180,0x0000000756000000)
 Metaspace       used 39794K, capacity 40387K, committed 40832K, reserved 1085440K
  class space    used 4553K, capacity 4678K, committed 4736K, reserved 1048576K
}
Event: 647.389 GC heap before
{Heap before GC invocations=86 (full 6):
 PSYoungGen      total 456704K, used 456682K [0x0000000795580000, 0x00000007b7480000, 0x00000007c0000000)
  eden space 391680K, 100% used [0x0000000795580000,0x00000007ad400000,0x00000007ad400000)
  from space 65024K, 99% used [0x00000007ad400000,0x00000007b137ab30,0x00000007b1380000)
  to   space 79872K, 0% used [0x00000007b2680000,0x00000007b2680000,0x00000007b7480000)
 ParOldGen       total 360448K, used 329496K [0x0000000740000000, 0x0000000756000000, 0x0000000795580000)
  object space 360448K, 91% used [0x0000000740000000,0x00000007541c6180,0x0000000756000000)
 Metaspace       used 39794K, capacity 40387K, committed 40832K, reserved 1085440K
  class space    used 4553K, capacity 4678K, committed 4736K, reserved 1048576K
Event: 647.398 GC heap after
Heap after GC invocations=86 (full 6):
 PSYoungGen      total 465408K, used 69618K [0x0000000795580000, 0x00000007b8900000, 0x00000007c0000000)
  eden space 385536K, 0% used [0x0000000795580000,0x0000000795580000,0x00000007ace00000)
  from space 79872K, 87% used [0x00000007b2680000,0x00000007b6a7cbe0,0x00000007b7480000)
  to   space 90624K, 0% used [0x00000007ace00000,0x00000007ace00000,0x00000007b2680000)
 ParOldGen       total 360448K, used 329560K [0x0000000740000000, 0x0000000756000000, 0x0000000795580000)
  object space 360448K, 91% used [0x0000000740000000,0x00000007541d6180,0x0000000756000000)
 Metaspace       used 39794K, capacity 40387K, committed 40832K, reserved 1085440K
  class space    used 4553K, capacity 4678K, committed 4736K, reserved 1048576K
}
Event: 662.872 GC heap before
{Heap before GC invocations=87 (full 6):
 PSYoungGen      total 465408K, used 455154K [0x0000000795580000, 0x00000007b8900000, 0x00000007c0000000)
  eden space 385536K, 100% used [0x0000000795580000,0x00000007ace00000,0x00000007ace00000)
  from space 79872K, 87% used [0x00000007b2680000,0x00000007b6a7cbe0,0x00000007b7480000)
  to   space 90624K, 0% used [0x00000007ace00000,0x00000007ace00000,0x00000007b2680000)
 ParOldGen       total 360448K, used 329560K [0x0000000740000000, 0x0000000756000000, 0x0000000795580000)
  object space 360448K, 91% used [0x0000000740000000,0x00000007541d6180,0x0000000756000000)
 Metaspace       used 39798K, capacity 40387K, committed 40832K, reserved 1085440K
  class space    used 4553K, capacity 4678K, committed 4736K, reserved 1048576K
Event: 662.879 GC heap after
Heap after GC invocations=87 (full 6):
 PSYoungGen      total 476160K, used 73455K [0x0000000795580000, 0x00000007b9580000, 0x00000007c0000000)
  eden space 385536K, 0% used [0x0000000795580000,0x0000000795580000,0x00000007ace00000)
  from space 90624K, 81% used [0x00000007ace00000,0x00000007b15bbd40,0x00000007b2680000)
  to   space 100352K, 0% used [0x00000007b3380000,0x00000007b3380000,0x00000007b9580000)
 ParOldGen       total 360448K, used 329560K [0x0000000740000000, 0x0000000756000000, 0x0000000795580000)
  object space 360448K, 91% used [0x0000000740000000,0x00000007541d6180,0x0000000756000000)
 Metaspace       used 39798K, capacity 40387K, committed 40832K, reserved 1085440K
  class space    used 4553K, capacity 4678K, committed 4736K, reserved 1048576K
}
Event: 678.234 GC heap before
{Heap before GC invocations=88 (full 6):
 PSYoungGen      total 476160K, used 458991K [0x0000000795580000, 0x00000007b9580000, 0x00000007c0000000)
  eden space 385536K, 100% used [0x0000000795580000,0x00000007ace00000,0x00000007ace00000)
  from space 90624K, 81% used [0x00000007ace00000,0x00000007b15bbd40,0x00000007b2680000)
  to   space 100352K, 0% used [0x00000007b3380000,0x00000007b3380000,0x00000007b9580000)
 ParOldGen       total 360448K, used 329560K [0x0000000740000000, 0x0000000756000000, 0x0000000795580000)
  object space 360448K, 91% used [0x0000000740000000,0x00000007541d6180,0x0000000756000000)
 Metaspace       used 39810K, capacity 40387K, committed 40832K, reserved 1085440K
  class space    used 4553K, capacity 4678K, committed 4736K, reserved 1048576K
Event: 678.241 GC heap after
Heap after GC invocations=88 (full 6):
 PSYoungGen      total 479232K, used 80036K [0x0000000795580000, 0x00000007ba900000, 0x00000007c0000000)
  eden space 378880K, 0% used [0x0000000795580000,0x0000000795580000,0x00000007ac780000)
  from space 100352K, 79% used [0x00000007b3380000,0x00000007b81a9040,0x00000007b9580000)
  to   space 110592K, 0% used [0x00000007ac780000,0x00000007ac780000,0x00000007b3380000)
 ParOldGen       total 360448K, used 329560K [0x0000000740000000, 0x0000000756000000, 0x0000000795580000)
  object space 360448K, 91% used [0x0000000740000000,0x00000007541d6180,0x0000000756000000)
 Metaspace       used 39810K, capacity 40387K, committed 40832K, reserved 1085440K
  class space    used 4553K, capacity 4678K, committed 4736K, reserved 1048576K
}

Deoptimization events (10 events):
Event: 649.052 Thread 0x0000000137cb3000 Uncommon trap: reason=unstable_if action=reinterpret pc=0x00000001072a8c70 method=aji.a(Lahl;IIII)Z @ 28
Event: 649.052 Thread 0x0000000137cb3000 Uncommon trap: reason=unstable_if action=reinterpret pc=0x0000000106c3fc9c method=apx.c(III)I @ 25
Event: 666.940 Thread 0x0000000136017000 Uncommon trap: reason=unstable_if action=reinterpret pc=0x0000000106bbd7c8 method=bca.<init>(Lbao;II)V @ 67
Event: 666.940 Thread 0x0000000136017000 Uncommon trap: reason=unstable_if action=reinterpret pc=0x0000000106db2d50 method=bca.<init>(Lbao;II)V @ 67
Event: 666.952 Thread 0x0000000136017000 Uncommon trap: reason=unstable_if action=reinterpret pc=0x00000001079486f0 method=bca.<init>(Lbao;II)V @ 67
Event: 666.952 Thread 0x0000000136017000 Uncommon trap: reason=unstable_if action=reinterpret pc=0x000000010607bebc method=bca.<init>(Lbao;II)V @ 67
Event: 666.953 Thread 0x0000000136017000 Uncommon trap: reason=unstable_if action=reinterpret pc=0x000000010643766c method=bca.<init>(Lbao;II)V @ 67
Event: 671.008 Thread 0x0000000136017000 Uncommon trap: reason=unstable_if action=reinterpret pc=0x0000000106e634f8 method=azw.b(Lazw;D)Lazw; @ 42
Event: 671.008 Thread 0x0000000136017000 Uncommon trap: reason=unstable_if action=reinterpret pc=0x0000000106fbb704 method=azw.b(Lazw;D)Lazw; @ 42
Event: 674.736 Thread 0x0000000137d37000 Uncommon trap: reason=speculate_class_check action=maybe_recompile pc=0x00000001073dd67c method=awt.k()Z @ 10

Classes redefined (0 events):
No events

Internal exceptions (10 events):
Event: 679.051 Thread 0x0000000125e1b800 Exception <a 'java/lang/InterruptedException': sleep interrupted> (0x00000007965604b0) thrown at [/Users/tester/jenkins/blue/workspace/Zulu/zulu-platform-build/79053/zulu-src.git/hotspot/src/share/vm/prims/jvm.cpp, line 3374]
Event: 679.063 Thread 0x0000000125e1b800 Exception <a 'java/lang/InterruptedException': sleep interrupted> (0x0000000796560708) thrown at [/Users/tester/jenkins/blue/workspace/Zulu/zulu-platform-build/79053/zulu-src.git/hotspot/src/share/vm/prims/jvm.cpp, line 3374]
Event: 679.076 Thread 0x0000000125e1b800 Exception <a 'java/lang/InterruptedException': sleep interrupted> (0x0000000796e59b98) thrown at [/Users/tester/jenkins/blue/workspace/Zulu/zulu-platform-build/79053/zulu-src.git/hotspot/src/share/vm/prims/jvm.cpp, line 3374]
Event: 679.089 Thread 0x0000000125e1b800 Exception <a 'java/lang/InterruptedException': sleep interrupted> (0x0000000796e59df0) thrown at [/Users/tester/jenkins/blue/workspace/Zulu/zulu-platform-build/79053/zulu-src.git/hotspot/src/share/vm/prims/jvm.cpp, line 3374]
Event: 679.106 Thread 0x0000000125e1b800 Exception <a 'java/lang/InterruptedException': sleep interrupted> (0x0000000796e5a048) thrown at [/Users/tester/jenkins/blue/workspace/Zulu/zulu-platform-build/79053/zulu-src.git/hotspot/src/share/vm/prims/jvm.cpp, line 3374]
Event: 679.118 Thread 0x0000000125e1b800 Exception <a 'java/lang/InterruptedException': sleep interrupted> (0x0000000796e5a2a0) thrown at [/Users/tester/jenkins/blue/workspace/Zulu/zulu-platform-build/79053/zulu-src.git/hotspot/src/share/vm/prims/jvm.cpp, line 3374]
Event: 679.131 Thread 0x0000000125e1b800 Exception <a 'java/lang/InterruptedException': sleep interrupted> (0x0000000796e5a4f8) thrown at [/Users/tester/jenkins/blue/workspace/Zulu/zulu-platform-build/79053/zulu-src.git/hotspot/src/share/vm/prims/jvm.cpp, line 3374]
Event: 679.147 Thread 0x0000000125e1b800 Exception <a 'java/lang/InterruptedException': sleep interrupted> (0x0000000796e5a750) thrown at [/Users/tester/jenkins/blue/workspace/Zulu/zulu-platform-build/79053/zulu-src.git/hotspot/src/share/vm/prims/jvm.cpp, line 3374]
Event: 679.159 Thread 0x0000000125e1b800 Exception <a 'java/lang/InterruptedException': sleep interrupted> (0x0000000796e5a9a8) thrown at [/Users/tester/jenkins/blue/workspace/Zulu/zulu-platform-build/79053/zulu-src.git/hotspot/src/share/vm/prims/jvm.cpp, line 3374]
Event: 679.173 Thread 0x0000000125e1b800 Exception <a 'java/lang/InterruptedException': sleep interrupted> (0x0000000796e5ac00) thrown at [/Users/tester/jenkins/blue/workspace/Zulu/zulu-platform-build/79053/zulu-src.git/hotspot/src/share/vm/prims/jvm.cpp, line 3374]

Events (10 events):
Event: 675.515 Thread 0x0000000126008800 flushing nmethod 0x00000001072b3810
Event: 675.552 Thread 0x0000000126008800 flushing nmethod 0x00000001075ad710
Event: 675.552 Thread 0x0000000126008800 flushing nmethod 0x0000000107693310
Event: 675.552 Thread 0x0000000126008800 flushing nmethod 0x00000001076e03d0
Event: 675.553 Thread 0x0000000126008800 flushing nmethod 0x0000000107b98510
Event: 676.699 Thread 0x0000000126008800 flushing nmethod 0x0000000106259890
Event: 677.702 Thread 0x0000000125808800 flushing nmethod 0x0000000106463810
Event: 677.702 Thread 0x0000000125808800 flushing nmethod 0x00000001064e0c10
Event: 678.234 Executing VM operation: ParallelGCFailedAllocation
Event: 678.241 Executing VM operation: ParallelGCFailedAllocation done


Dynamic libraries:
0x00000001b32f3000 	/System/Library/Frameworks/Cocoa.framework/Versions/A/Cocoa
0x000000019aa9f000 	/System/Library/Frameworks/AppKit.framework/Versions/C/AppKit
0x000000019dd91000 	/System/Library/Frameworks/CoreData.framework/Versions/A/CoreData
0x000000019812f000 	/System/Library/Frameworks/Foundation.framework/Versions/C/Foundation
0x00000001a4d33000 	/usr/lib/libSystem.B.dylib
0x000000019bf30000 	/System/Library/PrivateFrameworks/UIFoundation.framework/Versions/A/UIFoundation
0x0000000244afb000 	/System/Library/PrivateFrameworks/CollectionViewCore.framework/Versions/A/CollectionViewCore
0x00000001a28b7000 	/System/Library/PrivateFrameworks/XCTTargetBootstrap.framework/Versions/A/XCTTargetBootstrap
0x00000001a752c000 	/System/Library/PrivateFrameworks/InternationalSupport.framework/Versions/A/InternationalSupport
0x00000001a7883000 	/System/Library/PrivateFrameworks/UserActivity.framework/Versions/A/UserActivity
0x0000000273484000 	/System/Library/PrivateFrameworks/UIIntelligenceSupport.framework/Versions/A/UIIntelligenceSupport
0x00000001fd5ff000 	/System/Library/Frameworks/SwiftUICore.framework/Versions/A/SwiftUICore
0x000000027850c000 	/System/Library/PrivateFrameworks/WritingTools.framework/Versions/A/WritingTools
0x000000027754f000 	/System/Library/PrivateFrameworks/WindowManagement.framework/Versions/A/WindowManagement
0x0000000197d92000 	/System/Library/Frameworks/SystemConfiguration.framework/Versions/A/SystemConfiguration
0x00000001a6962000 	/usr/lib/libspindump.dylib
0x000000019c0e2000 	/System/Library/Frameworks/UniformTypeIdentifiers.framework/Versions/A/UniformTypeIdentifiers
0x00000001a411f000 	/usr/lib/libbsm.0.dylib
0x00000001a0338000 	/usr/lib/libapp_launch_measurement.dylib
0x000000019f6df000 	/System/Library/PrivateFrameworks/CoreAnalytics.framework/Versions/A/CoreAnalytics
0x00000001a033c000 	/System/Library/PrivateFrameworks/CoreAutoLayout.framework/Versions/A/CoreAutoLayout
0x00000001a1ed1000 	/System/Library/Frameworks/Metal.framework/Versions/A/Metal
0x00000001a30fb000 	/usr/lib/liblangid.dylib
0x00000001a28bd000 	/System/Library/PrivateFrameworks/CoreSVG.framework/Versions/A/CoreSVG
0x000000019cb07000 	/System/Library/PrivateFrameworks/SkyLight.framework/Versions/A/SkyLight
0x000000019d02e000 	/System/Library/Frameworks/CoreGraphics.framework/Versions/A/CoreGraphics
0x00000001aca03000 	/System/Library/Frameworks/Accelerate.framework/Versions/A/Accelerate
0x00000001a67a5000 	/System/Library/PrivateFrameworks/IconServices.framework/Versions/A/IconServices
0x00000001a1eae000 	/System/Library/Frameworks/IOSurface.framework/Versions/A/IOSurface
0x000000019f710000 	/usr/lib/libDiagnosticMessagesClient.dylib
0x00000001a4c7d000 	/usr/lib/libz.1.dylib
0x00000001b0919000 	/System/Library/Frameworks/ApplicationServices.framework/Versions/A/ApplicationServices
0x00000001a28a2000 	/System/Library/PrivateFrameworks/DFRFoundation.framework/Versions/A/DFRFoundation
0x000000019a304000 	/usr/lib/libicucore.A.dylib
0x00000001a890c000 	/System/Library/Frameworks/AudioToolbox.framework/Versions/A/AudioToolbox
0x00000001a7834000 	/System/Library/PrivateFrameworks/DataDetectorsCore.framework/Versions/A/DataDetectorsCore
0x00000001c33a5000 	/System/Library/PrivateFrameworks/TextInput.framework/Versions/A/TextInput
0x000000019ca52000 	/usr/lib/libMobileGestalt.dylib
0x00000001a259b000 	/System/Library/Frameworks/Carbon.framework/Versions/A/Frameworks/HIToolbox.framework/Versions/A/HIToolbox
0x000000019fc18000 	/System/Library/Frameworks/QuartzCore.framework/Versions/A/QuartzCore
0x0000000199eff000 	/System/Library/Frameworks/Security.framework/Versions/A/Security
0x00000001ac360000 	/System/Library/Frameworks/Carbon.framework/Versions/A/Frameworks/SpeechRecognition.framework/Versions/A/SpeechRecognition
0x00000001a003e000 	/System/Library/PrivateFrameworks/CoreUI.framework/Versions/A/CoreUI
0x00000001997cc000 	/System/Library/Frameworks/CoreAudio.framework/Versions/A/CoreAudio
0x000000019f7fe000 	/System/Library/Frameworks/DiskArbitration.framework/Versions/A/DiskArbitration
0x00000001a6dcb000 	/System/Library/PrivateFrameworks/MultitouchSupport.framework/Versions/A/MultitouchSupport
0x000000019ca50000 	/usr/lib/libenergytrace.dylib
0x00000001b7947000 	/System/Library/PrivateFrameworks/RenderBox.framework/Versions/A/RenderBox
0x000000019a94f000 	/System/Library/Frameworks/IOKit.framework/Versions/A/IOKit
0x00000001ac757000 	/System/Library/Frameworks/CoreServices.framework/Versions/A/CoreServices
0x00000001a02c9000 	/System/Library/PrivateFrameworks/PerformanceAnalysis.framework/Versions/A/PerformanceAnalysis
0x00000001f6fbf000 	/System/Library/Frameworks/OpenGL.framework/Versions/A/OpenGL
0x00000001a0386000 	/usr/lib/libxml2.2.dylib
0x00000001a4003000 	/System/Library/PrivateFrameworks/MobileKeyBag.framework/Versions/A/MobileKeyBag
0x00000001966d4000 	/usr/lib/libobjc.A.dylib
0x00000001969e2000 	/usr/lib/libc++.1.dylib
0x00000001ac6d8000 	/System/Library/Frameworks/Accessibility.framework/Versions/A/Accessibility
0x000000019d761000 	/System/Library/Frameworks/ColorSync.framework/Versions/A/ColorSync
0x0000000196b3e000 	/System/Library/Frameworks/CoreFoundation.framework/Versions/A/CoreFoundation
0x00000001a2c7d000 	/System/Library/Frameworks/CoreImage.framework/Versions/A/CoreImage
0x00000001995ad000 	/System/Library/Frameworks/CoreText.framework/Versions/A/CoreText
0x00000001f850b000 	/System/Library/Frameworks/CoreTransferable.framework/Versions/A/CoreTransferable
0x00000001f8a90000 	/System/Library/Frameworks/DataDetection.framework/Versions/A/DataDetection
0x00000001f8a93000 	/System/Library/Frameworks/DeveloperToolsSupport.framework/Versions/A/DeveloperToolsSupport
0x00000001a28f8000 	/System/Library/Frameworks/ImageIO.framework/Versions/A/ImageIO
0x00000001fe1c2000 	/System/Library/Frameworks/Symbols.framework/Versions/A/Symbols
0x00000001ea76b000 	/System/Library/PrivateFrameworks/FeatureFlags.framework/Versions/A/FeatureFlags
0x00000001a4d38000 	/System/Library/PrivateFrameworks/SoftLinking.framework/Versions/A/SoftLinking
0x00000001d6022000 	/usr/lib/swift/libswiftAccelerate.dylib
0x00000001a82a1000 	/usr/lib/swift/libswiftCore.dylib
0x00000001bfa48000 	/usr/lib/swift/libswiftCoreFoundation.dylib
0x00000001bfaa2000 	/usr/lib/swift/libswiftCoreImage.dylib
0x00000001bcdb0000 	/usr/lib/swift/libswiftDarwin.dylib
0x000000027f12a000 	/usr/lib/swift/libswiftDataDetection.dylib
0x00000001ae250000 	/usr/lib/swift/libswiftDispatch.dylib
0x00000001bfaa3000 	/usr/lib/swift/libswiftIOKit.dylib
0x00000001cc615000 	/usr/lib/swift/libswiftMetal.dylib
0x00000001db5bb000 	/usr/lib/swift/libswiftOSLog.dylib
0x00000001b0ed3000 	/usr/lib/swift/libswiftObjectiveC.dylib
0x000000027f157000 	/usr/lib/swift/libswiftObservation.dylib
0x00000001d19b7000 	/usr/lib/swift/libswiftQuartzCore.dylib
0x00000001d6013000 	/usr/lib/swift/libswiftUniformTypeIdentifiers.dylib
0x00000001bfa5a000 	/usr/lib/swift/libswiftXPC.dylib
0x000000027f23d000 	/usr/lib/swift/libswift_Builtin_float.dylib
0x000000027f240000 	/usr/lib/swift/libswift_Concurrency.dylib
0x000000027f39f000 	/usr/lib/swift/libswift_StringProcessing.dylib
0x000000027f432000 	/usr/lib/swift/libswift_errno.dylib
0x000000027f434000 	/usr/lib/swift/libswift_math.dylib
0x000000027f437000 	/usr/lib/swift/libswift_signal.dylib
0x000000027f438000 	/usr/lib/swift/libswift_stdio.dylib
0x000000027f439000 	/usr/lib/swift/libswift_time.dylib
0x00000001b0ed7000 	/usr/lib/swift/libswiftos.dylib
0x00000001c32fc000 	/usr/lib/swift/libswiftsimd.dylib
0x000000027f43a000 	/usr/lib/swift/libswiftsys_time.dylib
0x000000027f43b000 	/usr/lib/swift/libswiftunistd.dylib
0x00000001a4f61000 	/usr/lib/libcompression.dylib
0x00000001a748c000 	/System/Library/PrivateFrameworks/TextureIO.framework/Versions/A/TextureIO
0x00000001a6444000 	/usr/lib/libate.dylib
0x00000001a4d2d000 	/usr/lib/system/libcache.dylib
0x00000001a4ce8000 	/usr/lib/system/libcommonCrypto.dylib
0x00000001a4d13000 	/usr/lib/system/libcompiler_rt.dylib
0x00000001a4d08000 	/usr/lib/system/libcopyfile.dylib
0x000000019682f000 	/usr/lib/system/libcorecrypto.dylib
0x0000000196916000 	/usr/lib/system/libdispatch.dylib
0x0000000196ad6000 	/usr/lib/system/libdyld.dylib
0x00000001a4d23000 	/usr/lib/system/libkeymgr.dylib
0x00000001a4ccb000 	/usr/lib/system/libmacho.dylib
0x00000001a40f8000 	/usr/lib/system/libquarantine.dylib
0x00000001a4d20000 	/usr/lib/system/libremovefile.dylib
0x000000019cacc000 	/usr/lib/system/libsystem_asl.dylib
0x00000001967c4000 	/usr/lib/system/libsystem_blocks.dylib
0x0000000196960000 	/usr/lib/system/libsystem_c.dylib
0x00000001a4d17000 	/usr/lib/system/libsystem_collections.dylib
0x00000001a30e8000 	/usr/lib/system/libsystem_configuration.dylib
0x00000001a1e7d000 	/usr/lib/system/libsystem_containermanager.dylib
0x00000001a480e000 	/usr/lib/system/libsystem_coreservices.dylib
0x000000019a5d0000 	/usr/lib/system/libsystem_darwin.dylib
0x000000027f572000 	/usr/lib/system/libsystem_darwindirectory.dylib
0x00000001a4d24000 	/usr/lib/system/libsystem_dnssd.dylib
0x000000027f576000 	/usr/lib/system/libsystem_eligibility.dylib
0x000000019695d000 	/usr/lib/system/libsystem_featureflags.dylib
0x0000000196b0e000 	/usr/lib/system/libsystem_info.dylib
0x00000001a4c8c000 	/usr/lib/system/libsystem_m.dylib
0x00000001968ce000 	/usr/lib/system/libsystem_malloc.dylib
0x000000019ca35000 	/usr/lib/system/libsystem_networkextension.dylib
0x000000019aa32000 	/usr/lib/system/libsystem_notify.dylib
0x00000001a30ed000 	/usr/lib/system/libsystem_sandbox.dylib
0x000000027f57e000 	/usr/lib/system/libsystem_sanitizers.dylib
0x00000001a4d1c000 	/usr/lib/system/libsystem_secinit.dylib
0x0000000196a8d000 	/usr/lib/system/libsystem_kernel.dylib
0x0000000196b06000 	/usr/lib/system/libsystem_platform.dylib
0x0000000196ac9000 	/usr/lib/system/libsystem_pthread.dylib
0x000000019e62c000 	/usr/lib/system/libsystem_symptoms.dylib
0x0000000196813000 	/usr/lib/system/libsystem_trace.dylib
0x00000001a4cf6000 	/usr/lib/system/libunwind.dylib
0x00000001967c8000 	/usr/lib/system/libxpc.dylib
0x0000000196a6f000 	/usr/lib/libc++abi.dylib
0x000000027e147000 	/usr/lib/libRosetta.dylib
0x000000019a8ce000 	/System/Library/PrivateFrameworks/CoreServicesInternal.framework/Versions/A/CoreServicesInternal
0x00000001a4d00000 	/usr/lib/liboah.dylib
0x00000001a4d35000 	/usr/lib/libfakelink.dylib
0x00000001b03cc000 	/System/Library/PrivateFrameworks/DiskImages.framework/Versions/A/DiskImages
0x00000001bc8d9000 	/System/Library/Frameworks/NetFS.framework/Versions/A/NetFS
0x000000019c66b000 	/System/Library/Frameworks/CFNetwork.framework/Versions/A/CFNetwork
0x00000001a0300000 	/System/Library/Frameworks/CoreServices.framework/Versions/A/Frameworks/FSEvents.framework/Versions/A/FSEvents
0x000000019a5db000 	/System/Library/Frameworks/CoreServices.framework/Versions/A/Frameworks/CarbonCore.framework/Versions/A/CarbonCore
0x000000019f773000 	/System/Library/Frameworks/CoreServices.framework/Versions/A/Frameworks/Metadata.framework/Versions/A/Metadata
0x00000001a4815000 	/System/Library/Frameworks/CoreServices.framework/Versions/A/Frameworks/OSServices.framework/Versions/A/OSServices
0x00000001a4e82000 	/System/Library/Frameworks/CoreServices.framework/Versions/A/Frameworks/SearchKit.framework/Versions/A/SearchKit
0x000000019e5a6000 	/System/Library/Frameworks/CoreServices.framework/Versions/A/Frameworks/AE.framework/Versions/A/AE
0x000000019707d000 	/System/Library/Frameworks/CoreServices.framework/Versions/A/Frameworks/LaunchServices.framework/Versions/A/LaunchServices
0x00000001a6299000 	/System/Library/Frameworks/CoreServices.framework/Versions/A/Frameworks/DictionaryServices.framework/Versions/A/DictionaryServices
0x00000001a030e000 	/System/Library/Frameworks/CoreServices.framework/Versions/A/Frameworks/SharedFileList.framework/Versions/A/SharedFileList
0x00000001a4f18000 	/usr/lib/libapple_nghttp2.dylib
0x000000019e207000 	/usr/lib/libsqlite3.dylib
0x00000001a8f4f000 	/System/Library/Frameworks/GSS.framework/Versions/A/GSS
0x000000019e53d000 	/System/Library/PrivateFrameworks/RunningBoardServices.framework/Versions/A/RunningBoardServices
0x000000019e635000 	/System/Library/Frameworks/Network.framework/Versions/A/Network
0x00000001a4ccf000 	/usr/lib/system/libkxld.dylib
0x0000000240985000 	/System/Library/PrivateFrameworks/AppleKeyStore.framework/Versions/A/AppleKeyStore
0x000000027df9f000 	/usr/lib/libCoreEntitlements.dylib
0x000000025b973000 	/System/Library/PrivateFrameworks/MessageSecurity.framework/Versions/A/MessageSecurity
0x000000019e1ec000 	/System/Library/PrivateFrameworks/ProtocolBuffer.framework/Versions/A/ProtocolBuffer
0x00000001a47f5000 	/System/Library/PrivateFrameworks/AppleFSCompression.framework/Versions/A/AppleFSCompression
0x00000001a4107000 	/usr/lib/libcoretls.dylib
0x00000001a630f000 	/usr/lib/libcoretls_cfhelpers.dylib
0x00000001a4f5b000 	/usr/lib/libpam.2.dylib
0x00000001a6383000 	/usr/lib/libxar.1.dylib
0x00000001a4d8a000 	/usr/lib/libarchive.2.dylib
0x00000001aa652000 	/System/Library/Frameworks/Combine.framework/Versions/A/Combine
0x0000000244b1f000 	/System/Library/PrivateFrameworks/CollectionsInternal.framework/Versions/A/CollectionsInternal
0x00000002649ce000 	/System/Library/PrivateFrameworks/ReflectionInternal.framework/Versions/A/ReflectionInternal
0x00000002656a5000 	/System/Library/PrivateFrameworks/RuntimeInternal.framework/Versions/A/RuntimeInternal
0x000000027f1ce000 	/usr/lib/swift/libswiftSystem.dylib
0x00000001a30f6000 	/System/Library/PrivateFrameworks/AppleSystemInfo.framework/Versions/A/AppleSystemInfo
0x00000001bf933000 	/System/Library/PrivateFrameworks/LoggingSupport.framework/Versions/A/LoggingSupport
0x00000001ad711000 	/System/Library/PrivateFrameworks/PowerLog.framework/Versions/A/PowerLog
0x00000001fd4c4000 	/System/Library/Frameworks/SwiftData.framework/Versions/A/SwiftData
0x00000001a0511000 	/System/Library/PrivateFrameworks/UserManagement.framework/Versions/A/UserManagement
0x000000019c599000 	/usr/lib/libboringssl.dylib
0x000000019e61b000 	/usr/lib/libdns_services.dylib
0x00000001beae1000 	/usr/lib/libquic.dylib
0x00000001a8230000 	/usr/lib/libusrtcp.dylib
0x00000001e3432000 	/System/Library/PrivateFrameworks/InternalSwiftProtobuf.framework/Versions/A/InternalSwiftProtobuf
0x000000027f12b000 	/usr/lib/swift/libswiftDistributed.dylib
0x000000027f1c4000 	/usr/lib/swift/libswiftSynchronization.dylib
0x000000019c66a000 	/usr/lib/libnetwork.dylib
0x00000001d05eb000 	/System/Library/PrivateFrameworks/OSAnalytics.framework/Versions/A/OSAnalytics
0x00000001a4ef3000 	/System/Library/PrivateFrameworks/AppleSauce.framework/Versions/A/AppleSauce
0x00000001ae9e6000 	/System/Library/PrivateFrameworks/CoreSymbolication.framework/Versions/A/CoreSymbolication
0x00000001df0fa000 	/System/Library/PrivateFrameworks/Symbolication.framework/Versions/A/Symbolication
0x00000001ae9c2000 	/System/Library/PrivateFrameworks/DebugSymbols.framework/Versions/A/DebugSymbols
0x000000027de6a000 	/usr/lib/libAppleArchive.dylib
0x00000001a4801000 	/usr/lib/libbz2.1.0.dylib
0x00000001a62f0000 	/usr/lib/liblzma.5.dylib
0x00000001a3df3000 	/System/Library/PrivateFrameworks/IOMobileFramebuffer.framework/Versions/A/IOMobileFramebuffer
0x00000001bf9bc000 	/System/Library/PrivateFrameworks/MallocStackLogging.framework/Versions/A/MallocStackLogging
0x00000001a64de000 	/System/Library/PrivateFrameworks/CrashReporterSupport.framework/Versions/A/CrashReporterSupport
0x0000000197b89000 	/System/Library/PrivateFrameworks/Lexicon.framework/Versions/A/Lexicon
0x0000000253cb2000 	/System/Library/PrivateFrameworks/IO80211.framework/Versions/A/IO80211
0x00000001ae4e8000 	/System/Library/PrivateFrameworks/FrontBoardServices.framework/Versions/A/FrontBoardServices
0x00000001a402f000 	/System/Library/Frameworks/SecurityFoundation.framework/Versions/A/SecurityFoundation
0x00000001a4191000 	/usr/lib/libgermantok.dylib
0x00000001a321a000 	/System/Library/PrivateFrameworks/LinguisticData.framework/Versions/A/LinguisticData
0x000000019e458000 	/System/Library/PrivateFrameworks/BaseBoard.framework/Versions/A/BaseBoard
0x00000001ae5b5000 	/System/Library/PrivateFrameworks/BoardServices.framework/Versions/A/BoardServices
0x00000001a4020000 	/System/Library/PrivateFrameworks/AssertionServices.framework/Versions/A/AssertionServices
0x00000001b0206000 	/System/Library/PrivateFrameworks/BackBoardServices.framework/Versions/A/BackBoardServices
0x00000001a22c8000 	/System/Library/PrivateFrameworks/FontServices.framework/libFontParser.dylib
0x000000019cae4000 	/System/Library/PrivateFrameworks/TCC.framework/Versions/A/TCC
0x00000001b3c01000 	/System/Library/PrivateFrameworks/IOSurfaceAccelerator.framework/Versions/A/IOSurfaceAccelerator
0x00000001a6dc9000 	/System/Library/PrivateFrameworks/WatchdogClient.framework/Versions/A/WatchdogClient
0x00000001990d4000 	/System/Library/Frameworks/CoreDisplay.framework/Versions/A/CoreDisplay
0x00000001a216c000 	/System/Library/Frameworks/CoreMedia.framework/Versions/A/CoreMedia
0x00000001a1ec7000 	/System/Library/PrivateFrameworks/IOAccelerator.framework/Versions/A/IOAccelerator
0x00000001a0470000 	/System/Library/Frameworks/CoreVideo.framework/Versions/A/CoreVideo
0x00000001a4f59000 	/System/Library/Frameworks/MetalPerformanceShaders.framework/Versions/A/MetalPerformanceShaders
0x0000000263d0c000 	/System/Library/PrivateFrameworks/ProDisplayLibrary.framework/Versions/A/ProDisplayLibrary
0x00000001a6e11000 	/System/Library/Frameworks/VideoToolbox.framework/Versions/A/VideoToolbox
0x00000001a30f4000 	/System/Library/PrivateFrameworks/AggregateDictionary.framework/Versions/A/AggregateDictionary
0x00000001a6311000 	/System/Library/PrivateFrameworks/APFS.framework/Versions/A/APFS
0x00000001a6392000 	/usr/lib/libutil.dylib
0x000000026ec33000 	/System/Library/PrivateFrameworks/SwiftASN1Internal.framework/Versions/A/SwiftASN1Internal
0x000000019f808000 	/System/Library/Frameworks/Accelerate.framework/Versions/A/Frameworks/vImage.framework/Versions/A/vImage
0x00000001ac732000 	/System/Library/Frameworks/Accelerate.framework/Versions/A/Frameworks/vecLib.framework/Versions/A/vecLib
0x00000001a63ca000 	/System/Library/Frameworks/Accelerate.framework/Versions/A/Frameworks/vecLib.framework/Versions/A/libvMisc.dylib
0x00000001974f5000 	/System/Library/Frameworks/Accelerate.framework/Versions/A/Frameworks/vecLib.framework/Versions/A/libBLAS.dylib
0x00000001a8b5c000 	/System/Library/Frameworks/ApplicationServices.framework/Versions/A/Frameworks/ATS.framework/Versions/A/ATS
0x000000019d917000 	/System/Library/Frameworks/ApplicationServices.framework/Versions/A/Frameworks/HIServices.framework/Versions/A/HIServices
0x00000001a7415000 	/System/Library/Frameworks/ApplicationServices.framework/Versions/A/Frameworks/PrintCore.framework/Versions/A/PrintCore
0x00000001a8f19000 	/System/Library/Frameworks/ApplicationServices.framework/Versions/A/Frameworks/QD.framework/Versions/A/QD
0x00000001a8f10000 	/System/Library/Frameworks/ApplicationServices.framework/Versions/A/Frameworks/ColorSyncLegacy.framework/Versions/A/ColorSyncLegacy
0x00000001a8b2e000 	/System/Library/Frameworks/ApplicationServices.framework/Versions/A/Frameworks/SpeechSynthesis.framework/Versions/A/SpeechSynthesis
0x00000001a3dc0000 	/System/Library/PrivateFrameworks/CoreEmoji.framework/Versions/A/CoreEmoji
0x000000024ad77000 	/System/Library/PrivateFrameworks/FontServices.framework/Versions/A/FontServices
0x00000001a6917000 	/System/Library/PrivateFrameworks/OTSVG.framework/Versions/A/OTSVG
0x000000019ffec000 	/System/Library/Frameworks/ApplicationServices.framework/Versions/A/Frameworks/ATS.framework/Versions/A/Resources/libFontRegistry.dylib
0x000000027e52c000 	/usr/lib/libhvf.dylib
0x000000025fc10000 	/System/Library/PrivateFrameworks/ParsingInternal.framework/Versions/A/ParsingInternal
0x000000027f174000 	/usr/lib/swift/libswiftRegexBuilder.dylib
0x000000027f2fc000 	/usr/lib/swift/libswift_RegexParser.dylib
0x00000001a6c92000 	/System/Library/PrivateFrameworks/AppleJPEG.framework/Versions/A/AppleJPEG
0x00000001a6733000 	/usr/lib/libexpat.1.dylib
0x00000001a72ec000 	/System/Library/Frameworks/ImageIO.framework/Versions/A/Resources/libPng.dylib
0x00000001a7316000 	/System/Library/Frameworks/ImageIO.framework/Versions/A/Resources/libTIFF.dylib
0x00000001a7400000 	/System/Library/Frameworks/ImageIO.framework/Versions/A/Resources/libGIF.dylib
0x00000001a6cd8000 	/System/Library/Frameworks/ImageIO.framework/Versions/A/Resources/libJP2.dylib
0x00000001a73a7000 	/System/Library/Frameworks/ImageIO.framework/Versions/A/Resources/libJPEG.dylib
0x00000001a739e000 	/System/Library/Frameworks/ImageIO.framework/Versions/A/Resources/libRadiance.dylib
0x000000024fa46000 	/System/Library/PrivateFrameworks/GPUCompiler.framework/Versions/32023/Libraries/libllvm-flatbuffers.dylib
0x000000024ae42000 	/System/Library/PrivateFrameworks/FramePacing.framework/Versions/A/FramePacing
0x00000001f6fb1000 	/System/Library/Frameworks/OpenGL.framework/Versions/A/Libraries/libCoreFSCache.dylib
0x000000024b9b7000 	/System/Library/PrivateFrameworks/GPUCompiler.framework/Versions/32023/Libraries/libGPUCompilerUtils.dylib
0x000000024ad78000 	/System/Library/PrivateFrameworks/FontServices.framework/libXTFontStaticRegistryData.dylib
0x00000001b2016000 	/System/Library/PrivateFrameworks/ASEProcessing.framework/Versions/A/ASEProcessing
0x0000000262e79000 	/System/Library/PrivateFrameworks/PhotosensitivityProcessing.framework/Versions/A/PhotosensitivityProcessing
0x00000001a690b000 	/System/Library/PrivateFrameworks/GraphVisualizer.framework/Versions/A/GraphVisualizer
0x00000001f700f000 	/System/Library/Frameworks/OpenGL.framework/Versions/A/Libraries/libGLU.dylib
0x00000001f6fd3000 	/System/Library/Frameworks/OpenGL.framework/Versions/A/Libraries/libGFXShared.dylib
0x00000001f719b000 	/System/Library/Frameworks/OpenGL.framework/Versions/A/Libraries/libGL.dylib
0x00000001f6fdc000 	/System/Library/Frameworks/OpenGL.framework/Versions/A/Libraries/libGLImage.dylib
0x00000001f6fd0000 	/System/Library/Frameworks/OpenGL.framework/Versions/A/Libraries/libCVMSPluginSupport.dylib
0x00000001f6fb9000 	/System/Library/Frameworks/OpenGL.framework/Versions/A/Libraries/libCoreVMClient.dylib
0x00000001a3038000 	/System/Library/Frameworks/MetalPerformanceShaders.framework/Versions/A/Frameworks/MPSCore.framework/Versions/A/MPSCore
0x00000001a4760000 	/System/Library/Frameworks/MetalPerformanceShaders.framework/Versions/A/Frameworks/MPSImage.framework/Versions/A/MPSImage
0x00000001a41a9000 	/System/Library/Frameworks/MetalPerformanceShaders.framework/Versions/A/Frameworks/MPSNeuralNetwork.framework/Versions/A/MPSNeuralNetwork
0x00000001a45e0000 	/System/Library/Frameworks/MetalPerformanceShaders.framework/Versions/A/Frameworks/MPSMatrix.framework/Versions/A/MPSMatrix
0x00000001a43f5000 	/System/Library/Frameworks/MetalPerformanceShaders.framework/Versions/A/Frameworks/MPSRayIntersector.framework/Versions/A/MPSRayIntersector
0x00000001a4612000 	/System/Library/Frameworks/MetalPerformanceShaders.framework/Versions/A/Frameworks/MPSNDArray.framework/Versions/A/MPSNDArray
0x00000001fa8b2000 	/System/Library/Frameworks/MetalPerformanceShaders.framework/Versions/A/Frameworks/MPSFunctions.framework/Versions/A/MPSFunctions
0x00000001fa894000 	/System/Library/Frameworks/MetalPerformanceShaders.framework/Versions/A/Frameworks/MPSBenchmarkLoop.framework/Versions/A/MPSBenchmarkLoop
0x0000000197370000 	/System/Library/PrivateFrameworks/MetalTools.framework/Versions/A/MetalTools
0x00000001c46a5000 	/System/Library/PrivateFrameworks/IOAccelMemoryInfo.framework/Versions/A/IOAccelMemoryInfo
0x00000001d1dac000 	/System/Library/PrivateFrameworks/kperf.framework/Versions/A/kperf
0x00000001bfa23000 	/System/Library/PrivateFrameworks/GPURawCounter.framework/Versions/A/GPURawCounter
0x00000001a73d2000 	/System/Library/Frameworks/ApplicationServices.framework/Versions/A/Frameworks/ATSUI.framework/Versions/A/ATSUI
0x00000001a8ea4000 	/usr/lib/libcups.2.dylib
0x00000001a8f3e000 	/System/Library/Frameworks/Kerberos.framework/Versions/A/Kerberos
0x00000001a8ba4000 	/usr/lib/libresolv.9.dylib
0x00000001a4d6f000 	/usr/lib/libiconv.2.dylib
0x00000001a6969000 	/System/Library/PrivateFrameworks/Heimdal.framework/Versions/A/Heimdal
0x00000001b0e2a000 	/System/Library/Frameworks/Kerberos.framework/Versions/A/Libraries/libHeimdalProxy.dylib
0x00000001a674e000 	/usr/lib/libheimdal-asn1.dylib
0x00000001a02d3000 	/System/Library/Frameworks/OpenDirectory.framework/Versions/A/OpenDirectory
0x00000001a8fa1000 	/System/Library/PrivateFrameworks/CommonAuth.framework/Versions/A/CommonAuth
0x00000001a02e1000 	/System/Library/Frameworks/OpenDirectory.framework/Versions/A/Frameworks/CFOpenDirectory.framework/Versions/A/CFOpenDirectory
0x00000001a4cca000 	/usr/lib/libcharset.1.dylib
0x00000001f7537000 	/System/Library/Frameworks/AVFAudio.framework/Versions/A/AVFAudio
0x00000001b930e000 	/System/Library/PrivateFrameworks/AXCoreUtilities.framework/Versions/A/AXCoreUtilities
0x00000002575eb000 	/System/Library/PrivateFrameworks/IsolatedCoreAudioClient.framework/Versions/A/IsolatedCoreAudioClient
0x00000001a8b15000 	/usr/lib/libAudioStatistics.dylib
0x00000001a2144000 	/System/Library/PrivateFrameworks/caulk.framework/Versions/A/caulk
0x00000001991f5000 	/System/Library/PrivateFrameworks/AudioToolboxCore.framework/Versions/A/AudioToolboxCore
0x00000001b3120000 	/System/Library/Frameworks/CoreMIDI.framework/Versions/A/CoreMIDI
0x00000001a8ab7000 	/System/Library/PrivateFrameworks/AudioSession.framework/Versions/A/AudioSession
0x00000001aa3ba000 	/System/Library/Frameworks/IOBluetooth.framework/Versions/A/IOBluetooth
0x00000001a6838000 	/System/Library/PrivateFrameworks/MediaExperience.framework/Versions/A/MediaExperience
0x00000002716f7000 	/System/Library/PrivateFrameworks/Tightbeam.framework/Versions/A/Tightbeam
0x00000002455da000 	/System/Library/PrivateFrameworks/CoreAudioOrchestration.framework/Versions/A/CoreAudioOrchestration
0x00000001d66e5000 	/System/Library/PrivateFrameworks/AFKUser.framework/Versions/A/AFKUser
0x00000001bfa27000 	/usr/lib/swift/libswiftCoreAudio.dylib
0x00000001a6958000 	/System/Library/PrivateFrameworks/AppServerSupport.framework/Versions/A/AppServerSupport
0x00000001a8f22000 	/System/Library/PrivateFrameworks/perfdata.framework/Versions/A/perfdata
0x00000001bebda000 	/System/Library/PrivateFrameworks/SystemPolicy.framework/Versions/A/SystemPolicy
0x00000001a8dc3000 	/usr/lib/libSMC.dylib
0x00000001a72b6000 	/usr/lib/libAudioToolboxUtility.dylib
0x00000001a8f30000 	/usr/lib/libperfcheck.dylib
0x0000000241503000 	/System/Library/PrivateFrameworks/AudioAnalytics.framework/Versions/A/AudioAnalytics
0x00000001e31f9000 	/System/Library/Frameworks/OSLog.framework/Versions/A/OSLog
0x00000001bf9ee000 	/usr/lib/libmis.dylib
0x00000001a88c5000 	/System/Library/PrivateFrameworks/AudioSession.framework/libSessionUtility.dylib
0x00000001a7406000 	/System/Library/PrivateFrameworks/CMCaptureCore.framework/Versions/A/CMCaptureCore
0x00000001f8be0000 	/System/Library/Frameworks/ExtensionFoundation.framework/Versions/A/ExtensionFoundation
0x00000001aeaf3000 	/System/Library/PrivateFrameworks/CoreTime.framework/Versions/A/CoreTime
0x00000001a6632000 	/System/Library/PrivateFrameworks/PlugInKit.framework/Versions/A/PlugInKit
0x00000001ad61a000 	/System/Library/Frameworks/CoreBluetooth.framework/Versions/A/CoreBluetooth
0x00000001b0e2b000 	/System/Library/Frameworks/AudioUnit.framework/Versions/A/AudioUnit
0x00000001a3e84000 	/System/Library/PrivateFrameworks/CoreUtils.framework/Versions/A/CoreUtils
0x000000024858d000 	/System/Library/PrivateFrameworks/CoreUtilsExtras.framework/Versions/A/CoreUtilsExtras
0x00000001aca53000 	/System/Library/Frameworks/MediaAccessibility.framework/Versions/A/MediaAccessibility
0x00000001c8045000 	/System/Library/PrivateFrameworks/AttributeGraph.framework/Versions/A/AttributeGraph
0x000000027dde8000 	/usr/lib/libAXSafeCategoryBundle.dylib
0x00000001b93ca000 	/usr/lib/libAccessibility.dylib
0x00000001a3cce000 	/System/Library/Frameworks/Accelerate.framework/Versions/A/Frameworks/vecLib.framework/Versions/A/libvDSP.dylib
0x00000001a5037000 	/System/Library/Frameworks/Accelerate.framework/Versions/A/Frameworks/vecLib.framework/Versions/A/libLAPACK.dylib
0x00000001a4194000 	/System/Library/Frameworks/Accelerate.framework/Versions/A/Frameworks/vecLib.framework/Versions/A/libLinearAlgebra.dylib
0x00000001a4f32000 	/System/Library/Frameworks/Accelerate.framework/Versions/A/Frameworks/vecLib.framework/Versions/A/libSparseBLAS.dylib
0x00000001a5032000 	/System/Library/Frameworks/Accelerate.framework/Versions/A/Frameworks/vecLib.framework/Versions/A/libQuadrature.dylib
0x00000001a3221000 	/System/Library/Frameworks/Accelerate.framework/Versions/A/Frameworks/vecLib.framework/Versions/A/libBNNS.dylib
0x0000000197c96000 	/System/Library/Frameworks/Accelerate.framework/Versions/A/Frameworks/vecLib.framework/Versions/A/libSparse.dylib
0x0000000258d62000 	/System/Library/PrivateFrameworks/MIL.framework/Versions/A/MIL
0x00000001a7399000 	/System/Library/PrivateFrameworks/GPUWrangler.framework/Versions/A/GPUWrangler
0x00000001a7379000 	/System/Library/PrivateFrameworks/IOPresentment.framework/Versions/A/IOPresentment
0x00000001a73a1000 	/System/Library/PrivateFrameworks/DSExternalDisplay.framework/Versions/A/DSExternalDisplay
0x00000001e3600000 	/System/Library/PrivateFrameworks/HIDDisplay.framework/Versions/A/HIDDisplay
0x00000001b85e7000 	/System/Library/PrivateFrameworks/HID.framework/Versions/A/HID
0x0000000274f39000 	/System/Library/PrivateFrameworks/VideoToolboxParavirtualizationSupport.framework/Versions/A/VideoToolboxParavirtualizationSupport
0x00000001a66ea000 	/System/Library/PrivateFrameworks/AppleVA.framework/Versions/A/AppleVA
0x00000001ae662000 	/System/Library/PrivateFrameworks/GraphicsServices.framework/Versions/A/GraphicsServices
0x00000001a9114000 	/System/Library/PrivateFrameworks/CorePhoneNumbers.framework/Versions/A/CorePhoneNumbers
0x00000001ad802000 	/System/Library/PrivateFrameworks/MediaKit.framework/Versions/A/MediaKit
0x00000001ad74d000 	/System/Library/Frameworks/DiscRecording.framework/Versions/A/DiscRecording
0x00000001a8f03000 	/System/Library/PrivateFrameworks/NetAuth.framework/Versions/A/NetAuth
0x00000001a04d1000 	/System/Library/PrivateFrameworks/login.framework/Versions/A/Frameworks/loginsupport.framework/Versions/A/loginsupport
0x00000001a6758000 	/System/Library/PrivateFrameworks/IconFoundation.framework/Versions/A/IconFoundation
0x00000001a64d5000 	/usr/lib/libIOReport.dylib
0x0000000241113000 	/System/Library/PrivateFrameworks/AppleMobileFileIntegrity.framework/Versions/A/AppleMobileFileIntegrity
0x000000027e1aa000 	/usr/lib/libTLE.dylib
0x00000001f400d000 	/System/Library/PrivateFrameworks/ConfigProfileHelper.framework/Versions/A/ConfigProfileHelper
0x00000001a4131000 	/usr/lib/libmecab.dylib
0x0000000197e26000 	/usr/lib/libCRFSuite.dylib
0x00000001a30fd000 	/System/Library/PrivateFrameworks/CoreNLP.framework/Versions/A/CoreNLP
0x00000001a4eea000 	/usr/lib/libThaiTokenizer.dylib
0x00000001a40fb000 	/usr/lib/libCheckFix.dylib
0x000000019f712000 	/System/Library/PrivateFrameworks/MetadataUtilities.framework/Versions/A/MetadataUtilities
0x0000000254596000 	/System/Library/PrivateFrameworks/InstalledContentLibrary.framework/Versions/A/InstalledContentLibrary
0x000000019a90e000 	/System/Library/PrivateFrameworks/CoreServicesStore.framework/Versions/A/CoreServicesStore
0x00000001d1eb6000 	/System/Library/PrivateFrameworks/MobileSystemServices.framework/Versions/A/MobileSystemServices
0x00000001a6396000 	/usr/lib/libxslt.1.dylib
0x00000001a40be000 	/System/Library/PrivateFrameworks/BackgroundTaskManagement.framework/Versions/A/BackgroundTaskManagement
0x00000001b058a000 	/usr/lib/libcurl.4.dylib
0x000000027e3de000 	/usr/lib/libcrypto.46.dylib
0x000000027ef08000 	/usr/lib/libssl.48.dylib
0x00000001b0262000 	/System/Library/Frameworks/LDAP.framework/Versions/A/LDAP
0x00000001b029e000 	/System/Library/PrivateFrameworks/TrustEvaluationAgent.framework/Versions/A/TrustEvaluationAgent
0x00000001a8bc1000 	/usr/lib/libsasl2.2.dylib
0x00000001bcdaf000 	/usr/lib/swift/libswiftCoreGraphics.dylib
0x00000001ad082000 	/usr/lib/swift/libswiftFoundation.dylib
0x00000001f3a97000 	/usr/lib/swift/libswiftSwiftOnoneSupport.dylib
0x00000001df8ab000 	/System/Library/PrivateFrameworks/CoreMaterial.framework/Versions/A/CoreMaterial
0x000000026579c000 	/System/Library/PrivateFrameworks/SFSymbols.framework/Versions/A/SFSymbols
0x00000001ac34d000 	/System/Library/PrivateFrameworks/SpeechRecognitionCore.framework/Versions/A/SpeechRecognitionCore
0x0000000105234000 	/Library/Java/JavaVirtualMachines/zulu-8.jdk/Contents/Home/jre/lib/server/libjvm.dylib
0x000000010430c000 	/Library/Java/JavaVirtualMachines/zulu-8.jdk/Contents/Home/jre/lib/libverify.dylib
0x0000000104370000 	/Library/Java/JavaVirtualMachines/zulu-8.jdk/Contents/Home/jre/lib/libjava.dylib
0x0000000104340000 	/Library/Java/JavaVirtualMachines/zulu-8.jdk/Contents/Home/jre/lib/libzip.dylib
0x0000000104420000 	/Library/Java/JavaVirtualMachines/zulu-8.jdk/Contents/Home/jre/lib/libnio.dylib
0x0000000104470000 	/Library/Java/JavaVirtualMachines/zulu-8.jdk/Contents/Home/jre/lib/libnet.dylib
0x0000000114b14000 	/Library/Java/JavaVirtualMachines/zulu-8.jdk/Contents/Home/jre/lib/libmanagement.dylib
0x0000000114f00000 	/Library/Java/JavaVirtualMachines/zulu-8.jdk/Contents/Home/jre/lib/libawt.dylib
0x0000000116c00000 	/Library/Java/JavaVirtualMachines/zulu-8.jdk/Contents/Home/jre/lib/libmlib_image.dylib
0x0000000114b58000 	/Library/Java/JavaVirtualMachines/zulu-8.jdk/Contents/Home/jre/lib/JavaNativeFoundation.framework/JavaNativeFoundation
0x00000001f9b1b000 	/System/Library/Frameworks/JavaRuntimeSupport.framework/Versions/A/JavaRuntimeSupport
0x00000001be5fd000 	/System/Library/Frameworks/Carbon.framework/Versions/A/Carbon
0x00000001b5632000 	/System/Library/Frameworks/Carbon.framework/Versions/A/Frameworks/CommonPanels.framework/Versions/A/CommonPanels
0x00000001b0575000 	/System/Library/Frameworks/Carbon.framework/Versions/A/Frameworks/Help.framework/Versions/A/Help
0x00000001b5636000 	/System/Library/Frameworks/Carbon.framework/Versions/A/Frameworks/ImageCapture.framework/Versions/A/ImageCapture
0x00000001b5612000 	/System/Library/Frameworks/Carbon.framework/Versions/A/Frameworks/OpenScripting.framework/Versions/A/OpenScripting
0x00000001b5631000 	/System/Library/Frameworks/Carbon.framework/Versions/A/Frameworks/Ink.framework/Versions/A/Ink
0x00000001b562e000 	/System/Library/Frameworks/Carbon.framework/Versions/A/Frameworks/SecurityHI.framework/Versions/A/SecurityHI
0x0000000116d80000 	/Library/Java/JavaVirtualMachines/zulu-8.jdk/Contents/Home/jre/lib/libawt_lwawt.dylib
0x0000000116ca4000 	/Library/Java/JavaVirtualMachines/zulu-8.jdk/Contents/Home/jre/lib/libosxapp.dylib
0x00000001bce14000 	/System/Library/Frameworks/ExceptionHandling.framework/Versions/A/ExceptionHandling
0x00000001a0198000 	/System/Library/PrivateFrameworks/ViewBridge.framework/Versions/A/ViewBridge
0x0000000117f40000 	/usr/lib/libobjc-trampolines.dylib
0x00000001c8dd4000 	/System/Library/CoreServices/RawCamera.bundle/Contents/MacOS/RawCamera
0x00000001b0e4e000 	/System/Library/PrivateFrameworks/StreamingZip.framework/Versions/A/StreamingZip
0x00000001aff3e000 	/System/Library/PrivateFrameworks/CoreWiFi.framework/Versions/A/CoreWiFi
0x00000001a8fb2000 	/System/Library/PrivateFrameworks/MobileAsset.framework/Versions/A/MobileAsset
0x000000027e9ec000 	/usr/lib/libmrc.dylib
0x0000000253d0f000 	/System/Library/PrivateFrameworks/IPConfiguration.framework/Versions/A/IPConfiguration
0x00000001df86f000 	/System/Library/PrivateFrameworks/Netrb.framework/Versions/A/Netrb
0x00000001ea7f3000 	/System/Library/PrivateFrameworks/WiFiPeerToPeer.framework/Versions/A/WiFiPeerToPeer
0x00000001c6491000 	/System/Library/PrivateFrameworks/SoftwareUpdateCoreSupport.framework/Versions/A/SoftwareUpdateCoreSupport
0x00000001cde34000 	/System/Library/PrivateFrameworks/SoftwareUpdateCoreConnect.framework/Versions/A/SoftwareUpdateCoreConnect
0x00000001b04ca000 	/System/Library/PrivateFrameworks/RemoteServiceDiscovery.framework/Versions/A/RemoteServiceDiscovery
0x00000001c6117000 	/System/Library/PrivateFrameworks/MSUDataAccessor.framework/Versions/A/MSUDataAccessor
0x00000001c190c000 	/usr/lib/libbootpolicy.dylib
0x00000001b04e0000 	/System/Library/PrivateFrameworks/RemoteXPC.framework/Versions/A/RemoteXPC
0x00000001cd282000 	/usr/lib/libFDR.dylib
0x00000001d332c000 	/usr/lib/libamsupport.dylib
0x000000027e13f000 	/usr/lib/libReverseProxyDevice.dylib
0x000000024036f000 	/System/Library/PrivateFrameworks/AppleDeviceQuerySupport.framework/Versions/A/AppleDeviceQuerySupport
0x00000001d621a000 	/usr/lib/libpartition2_dynamic.dylib
0x00000001a4aec000 	/System/Library/Frameworks/UserNotifications.framework/Versions/A/UserNotifications
0x00000001a911e000 	/usr/lib/libTelephonyUtilDynamic.dylib
0x00000001a78f1000 	/System/Library/Frameworks/MediaToolbox.framework/Versions/A/MediaToolbox
0x00000001ad929000 	/System/Library/PrivateFrameworks/CoreAVCHD.framework/Versions/A/CoreAVCHD
0x00000001ad925000 	/System/Library/PrivateFrameworks/Mangrove.framework/Versions/A/Mangrove
0x0000000242e65000 	/System/Library/PrivateFrameworks/CMPhoto.framework/Versions/A/CMPhoto
0x00000001ae084000 	/System/Library/Frameworks/CoreTelephony.framework/Versions/A/CoreTelephony
0x00000001ad918000 	/System/Library/PrivateFrameworks/CoreAUC.framework/Versions/A/CoreAUC
0x00000002407b1000 	/System/Library/PrivateFrameworks/AppleJPEGXL.framework/Versions/A/AppleJPEGXL
0x00000001c5abd000 	/System/Library/Frameworks/Accelerate.framework/Versions/A/Frameworks/vImage.framework/Versions/A/Libraries/libCGInterfaces.dylib
0x000000027ddec000 	/usr/lib/libAccessibilityBaseImplementations.dylib
0x0000000278511000 	/System/Library/PrivateFrameworks/WritingToolsUI.framework/Versions/A/WritingToolsUI
0x0000000250ba1000 	/System/Library/PrivateFrameworks/GenerativeAssistantSettings.framework/Versions/A/GenerativeAssistantSettings
0x000000026f939000 	/System/Library/PrivateFrameworks/TextComposer.framework/Versions/A/TextComposer
0x00000001bfa4f000 	/usr/lib/swift/libswiftIntents.dylib
0x000000027f186000 	/usr/lib/swift/libswiftSpatial.dylib
0x00000001f7690000 	/System/Library/Frameworks/AppIntents.framework/Versions/A/AppIntents
0x00000001c691d000 	/System/Library/Frameworks/SwiftUI.framework/Versions/A/SwiftUI
0x00000001bce8b000 	/System/Library/Frameworks/WebKit.framework/Versions/A/WebKit
0x000000023c62a000 	/System/Library/Frameworks/_AuthenticationServices_SwiftUI.framework/Versions/A/_AuthenticationServices_SwiftUI
0x000000023f20a000 	/System/Library/PrivateFrameworks/Anvil.framework/Versions/A/Anvil
0x00000001c5f92000 	/System/Library/PrivateFrameworks/AppStoreDaemon.framework/Versions/A/AppStoreDaemon
0x00000001b333b000 	/System/Library/PrivateFrameworks/AppleMediaServices.framework/Versions/A/AppleMediaServices
0x00000001c2a11000 	/System/Library/PrivateFrameworks/AppleMediaServicesUI.framework/Versions/A/AppleMediaServicesUI
0x0000000250b7b000 	/System/Library/PrivateFrameworks/GenerativeAssistantCommon.framework/Versions/A/GenerativeAssistantCommon
0x00000001f30ae000 	/System/Library/PrivateFrameworks/JetEngine.framework/Versions/A/JetEngine
0x00000002586c3000 	/System/Library/PrivateFrameworks/LinkMetadata.framework/Versions/A/LinkMetadata
0x00000001c02d1000 	/System/Library/PrivateFrameworks/OnBoardingKit.framework/Versions/A/OnBoardingKit
0x0000000266617000 	/System/Library/PrivateFrameworks/Settings.framework/Versions/A/Settings
0x00000001a4b3a000 	/System/Library/Frameworks/CoreSpotlight.framework/Versions/A/CoreSpotlight
0x0000000258904000 	/System/Library/PrivateFrameworks/LinkServices.framework/Versions/A/LinkServices
0x000000024921e000 	/System/Library/PrivateFrameworks/DoNotDisturb.framework/Versions/A/DoNotDisturb
0x00000001c47b5000 	/System/Library/PrivateFrameworks/IntentsCore.framework/Versions/A/IntentsCore
0x00000002418f0000 	/System/Library/PrivateFrameworks/AvailabilityKit.framework/Versions/A/AvailabilityKit
0x000000023f45a000 	/System/Library/PrivateFrameworks/AppIntentSchemas.framework/Versions/A/AppIntentSchemas
0x000000026e44f000 	/System/Library/PrivateFrameworks/StatusKit.framework/Versions/A/StatusKit
0x0000000264949000 	/System/Library/PrivateFrameworks/RecapPerformanceTesting.framework/Versions/A/RecapPerformanceTesting
0x00000001c02c1000 	/System/Library/PrivateFrameworks/SignpostCollection.framework/Versions/A/SignpostCollection
0x000000027e1a9000 	/usr/lib/libSpatial.dylib
0x00000001b2d31000 	/System/Library/Frameworks/WebKit.framework/Versions/A/Frameworks/WebKitLegacy.framework/Versions/A/WebKitLegacy
0x00000001b0c77000 	/System/Library/PrivateFrameworks/CorePrediction.framework/Versions/A/CorePrediction
0x00000001a118b000 	/System/Library/Frameworks/WebKit.framework/Versions/A/Frameworks/WebCore.framework/Versions/A/Frameworks/libwebrtc.dylib
0x00000001bce17000 	/System/Library/PrivateFrameworks/SafariSafeBrowsing.framework/Versions/A/SafariSafeBrowsing
0x00000001a8c4a000 	/System/Library/Frameworks/SecurityInterface.framework/Versions/A/SecurityInterface
0x00000001c02d0000 	/System/Library/PrivateFrameworks/WebInspectorUI.framework/Versions/A/WebInspectorUI
0x00000001b5639000 	/System/Library/Frameworks/JavaScriptCore.framework/Versions/A/JavaScriptCore
0x00000001b93fb000 	/System/Library/Frameworks/WebKit.framework/Versions/A/Frameworks/WebCore.framework/Versions/A/WebCore
0x00000001f806e000 	/System/Library/Frameworks/BrowserEngineCore.framework/Versions/A/BrowserEngineCore
0x000000023c188000 	/System/Library/Frameworks/WebKit.framework/Versions/A/Frameworks/WebCore.framework/Versions/A/Frameworks/libANGLE-shared.dylib
0x0000000277107000 	/System/Library/PrivateFrameworks/WebGPU.framework/Versions/A/WebGPU
0x00000001c20a3000 	/System/Library/Frameworks/SceneKit.framework/Versions/A/SceneKit
0x00000001d26dd000 	/System/Library/Frameworks/ModelIO.framework/Versions/A/ModelIO
0x00000001aa585000 	/System/Library/Frameworks/MetalKit.framework/Versions/A/MetalKit
0x00000001ac664000 	/System/Library/Frameworks/GLKit.framework/Versions/A/GLKit
0x000000027f6bf000 	/usr/lib/usd/libusd_ms.dylib
0x000000027374e000 	/System/Library/PrivateFrameworks/USDLib_FormatLoaderProxy.framework/Versions/A/USDLib_FormatLoaderProxy
0x00000001bf4d7000 	/System/Library/PrivateFrameworks/CoreOptimization.framework/Versions/A/CoreOptimization
0x00000002417c3000 	/System/Library/PrivateFrameworks/AuthenticationServicesCore.framework/Versions/A/AuthenticationServicesCore
0x00000001c923c000 	/System/Library/Frameworks/AuthenticationServices.framework/Versions/A/AuthenticationServices
0x00000001a660e000 	/System/Library/PrivateFrameworks/SharedWebCredentials.framework/Versions/A/SharedWebCredentials
0x00000001c110d000 	/System/Library/PrivateFrameworks/SafariCore.framework/Versions/A/SafariCore
0x00000001c8d8c000 	/System/Library/PrivateFrameworks/SafariFoundation.framework/Versions/A/SafariFoundation
0x000000024284d000 	/System/Library/PrivateFrameworks/CBORLibrary.framework/Versions/A/CBORLibrary
0x00000002435f6000 	/System/Library/PrivateFrameworks/Chirp.framework/Versions/A/Chirp
0x00000001f4342000 	/System/Library/PrivateFrameworks/RemoteManagement.framework/Versions/A/RemoteManagement
0x0000000264c9f000 	/System/Library/PrivateFrameworks/RemoteManagementModel.framework/Versions/A/RemoteManagementModel
0x0000000264d2c000 	/System/Library/PrivateFrameworks/RemoteManagementStore.framework/Versions/A/RemoteManagementStore
0x00000001aa5a3000 	/usr/lib/libxcselect.dylib
0x00000001c8cfb000 	/System/Library/PrivateFrameworks/DifferentialPrivacy.framework/Versions/A/DifferentialPrivacy
0x00000001ad333000 	/System/Library/Frameworks/Contacts.framework/Versions/A/Contacts
0x0000000273f72000 	/System/Library/PrivateFrameworks/VDAF.framework/Versions/A/VDAF
0x00000001ad150000 	/System/Library/PrivateFrameworks/ContactsPersistence.framework/Versions/A/ContactsPersistence
0x00000001ac367000 	/System/Library/PrivateFrameworks/AppleLDAP.framework/Versions/A/AppleLDAP
0x00000001b091e000 	/System/Library/Frameworks/ClassKit.framework/Versions/A/ClassKit
0x00000001b2a5d000 	/System/Library/PrivateFrameworks/CoreSuggestions.framework/Versions/A/CoreSuggestions
0x00000001ad083000 	/System/Library/PrivateFrameworks/ContactsFoundation.framework/Versions/A/ContactsFoundation
0x00000001ae624000 	/System/Library/PrivateFrameworks/vCard.framework/Versions/A/vCard
0x0000000244e19000 	/System/Library/PrivateFrameworks/ContactsMetrics.framework/Versions/A/ContactsMetrics
0x00000001a6a2a000 	/System/Library/PrivateFrameworks/login.framework/Versions/A/login
0x000000025aa4c000 	/System/Library/PrivateFrameworks/ManagedOrganizationContacts.framework/Versions/A/ManagedOrganizationContacts
0x00000001a08f7000 	/System/Library/PrivateFrameworks/CloudDocs.framework/Versions/A/CloudDocs
0x00000001b204c000 	/System/Library/PrivateFrameworks/ConfigurationProfiles.framework/Versions/A/ConfigurationProfiles
0x000000024879d000 	/System/Library/PrivateFrameworks/DMCUtilities.framework/Versions/A/DMCUtilities
0x0000000258cdf000 	/System/Library/PrivateFrameworks/MDMClientLibrary.framework/Versions/A/MDMClientLibrary
0x0000000264d20000 	/System/Library/PrivateFrameworks/RemoteManagementProtocol.framework/Versions/A/RemoteManagementProtocol
0x000000027dfb5000 	/usr/lib/libEndpointSecuritySystem.dylib
0x00000001aca8d000 	/System/Library/PrivateFrameworks/SystemAdministration.framework/Versions/A/SystemAdministration
0x00000001b6f3f000 	/System/Library/PrivateFrameworks/PowerlogControl.framework/Versions/A/PowerlogControl
0x00000001a40ed000 	/System/Library/Frameworks/ServiceManagement.framework/Versions/A/ServiceManagement
0x00000001b6f41000 	/usr/lib/libUniversalAccess.dylib
0x00000001b3c0c000 	/System/Library/PrivateFrameworks/FamilyControls.framework/Versions/A/FamilyControls
0x00000001ac318000 	/System/Library/Frameworks/DirectoryService.framework/Versions/A/DirectoryService
0x00000001b060c000 	/System/Library/PrivateFrameworks/LoginUIKit.framework/Versions/A/Frameworks/LoginUICore.framework/Versions/A/LoginUICore
0x00000001a6c1a000 	/usr/lib/libodfde.dylib
0x00000001b3c06000 	/System/Library/PrivateFrameworks/UniversalAccess.framework/Versions/A/Libraries/libUAPreferences.dylib
0x00000001b3c30000 	/System/Library/PrivateFrameworks/CommerceKit.framework/Versions/A/Frameworks/CommerceCore.framework/Versions/A/CommerceCore
0x000000024874b000 	/System/Library/PrivateFrameworks/DEPClientLibrary.framework/Versions/A/DEPClientLibrary
0x000000024876b000 	/System/Library/PrivateFrameworks/DMCEnrollmentLibrary.framework/Versions/A/DMCEnrollmentLibrary
0x00000001b7025000 	/System/Library/PrivateFrameworks/SetupAssistantFramework.framework/Versions/A/SetupAssistantFramework
0x00000001b0cd1000 	/System/Library/PrivateFrameworks/AuthKitUI.framework/Versions/A/AuthKitUI
0x00000001b0656000 	/System/Library/PrivateFrameworks/AppSSO.framework/Versions/A/AppSSO
0x00000001c5cf8000 	/System/Library/PrivateFrameworks/LocalAuthenticationUI.framework/Versions/A/LocalAuthenticationUI
0x0000000262ede000 	/System/Library/PrivateFrameworks/PlatformSSO.framework/Versions/A/PlatformSSO
0x00000001c66e5000 	/System/Library/PrivateFrameworks/AOSUI.framework/Versions/A/AOSUI
0x00000001b8ab6000 	/System/Library/Frameworks/ContactsUI.framework/Versions/A/ContactsUI
0x00000001ad56a000 	/System/Library/PrivateFrameworks/FamilyCircle.framework/Versions/A/FamilyCircle
0x00000001d3d8d000 	/System/Library/Frameworks/LinkPresentation.framework/Versions/A/LinkPresentation
0x0000000262faa000 	/System/Library/PrivateFrameworks/PlatformSSOCore.framework/Versions/A/PlatformSSOCore
0x00000001b87c8000 	/System/Library/PrivateFrameworks/IASUtilities.framework/Versions/A/IASUtilities
0x0000000253be2000 	/System/Library/PrivateFrameworks/IASUtilitiesCore.framework/Versions/A/IASUtilitiesCore
0x0000000258bc7000 	/System/Library/PrivateFrameworks/LocalAuthenticationCoreUI.framework/Versions/A/LocalAuthenticationCoreUI
0x00000001bf76c000 	/System/Library/Frameworks/LocalAuthentication.framework/Support/DaemonUtils.framework/Versions/A/DaemonUtils
0x00000001c29d8000 	/System/Library/PrivateFrameworks/BridgeXPC.framework/Versions/A/BridgeXPC
0x00000001a6a4e000 	/System/Library/PrivateFrameworks/CoreBrightness.framework/Versions/A/CoreBrightness
0x00000001c03aa000 	/System/Library/PrivateFrameworks/CoreKDL.framework/Versions/A/CoreKDL
0x00000001bebd3000 	/System/Library/PrivateFrameworks/EmbeddedOSSupportHost.framework/Versions/A/EmbeddedOSSupportHost
0x000000026f162000 	/System/Library/PrivateFrameworks/SystemStatus.framework/Versions/A/SystemStatus
0x00000001cde63000 	/System/Library/PrivateFrameworks/StorageKit.framework/Versions/A/StorageKit
0x00000001f59bc000 	/System/Library/Frameworks/DeviceCheck.framework/Versions/A/DeviceCheck
0x00000001f8ce7000 	/System/Library/Frameworks/FSKit.framework/Versions/A/FSKit
0x0000000248f3b000 	/System/Library/PrivateFrameworks/DiskImages2.framework/Versions/A/DiskImages2
0x0000000258a54000 	/System/Library/PrivateFrameworks/LiveFS.framework/Versions/A/LiveFS
0x000000027b854000 	/System/Library/PrivateFrameworks/icloudMCCKit.framework/Versions/A/icloudMCCKit
0x0000000240158000 	/System/Library/PrivateFrameworks/AppleAccountUI.framework/Versions/A/AppleAccountUI
0x000000024411c000 	/System/Library/PrivateFrameworks/CloudSubscriptionFeatures.framework/Versions/A/CloudSubscriptionFeatures
0x00000001df877000 	/System/Library/PrivateFrameworks/PreferencePanesSupport.framework/Versions/A/PreferencePanesSupport
0x00000001c6895000 	/System/Library/PrivateFrameworks/FindMyDeviceUI.framework/Versions/A/FindMyDeviceUI
0x000000027948c000 	/System/Library/PrivateFrameworks/iCloudQuotaUI.framework/Versions/A/iCloudQuotaUI
0x00000001dfa2a000 	/System/Library/PrivateFrameworks/CoreCDPUI.framework/Versions/A/CoreCDPUI
0x00000001c0e74000 	/System/Library/PrivateFrameworks/CoreFollowUpUI.framework/Versions/A/CoreFollowUpUI
0x00000001a8c83000 	/System/Library/PrivateFrameworks/CoreFollowUp.framework/Versions/A/CoreFollowUp
0x00000001ccbde000 	/System/Library/PrivateFrameworks/IMCore.framework/Versions/A/IMCore
0x00000001b6fa7000 	/System/Library/PrivateFrameworks/CoreCDP.framework/Versions/A/CoreCDP
0x00000001b332d000 	/System/Library/PrivateFrameworks/AskPermission.framework/Versions/A/AskPermission
0x00000001c4730000 	/System/Library/Frameworks/Quartz.framework/Versions/A/Quartz
0x00000001d0708000 	/System/Library/PrivateFrameworks/CloudPhotoServicesConfiguration.framework/Versions/A/CloudPhotoServicesConfiguration
0x00000001c3146000 	/System/Library/PrivateFrameworks/CommerceKit.framework/Versions/A/CommerceKit
0x00000001d2048000 	/System/Library/PrivateFrameworks/FindMyMac.framework/Versions/A/FindMyMac
0x00000001d1f1f000 	/System/Library/Frameworks/PreferencePanes.framework/Versions/A/PreferencePanes
0x00000001c5df0000 	/System/Library/Frameworks/AddressBook.framework/Versions/A/AddressBook
0x00000001b2315000 	/System/Library/PrivateFrameworks/AOSAccounts.framework/Versions/A/AOSAccounts
0x00000001aca87000 	/System/Library/PrivateFrameworks/AppleSRP.framework/Versions/A/AppleSRP
0x00000001bf686000 	/System/Library/Frameworks/SafariServices.framework/Versions/A/SafariServices
0x00000001b0e33000 	/System/Library/PrivateFrameworks/NetFSServer.framework/Versions/A/NetFSServer
0x00000001c1f7c000 	/System/Library/Frameworks/PDFKit.framework/Versions/A/PDFKit
0x00000001d2f40000 	/System/Library/PrivateFrameworks/EmailFoundation.framework/Versions/A/EmailFoundation
0x00000001d1f7c000 	/System/Library/PrivateFrameworks/EmailCore.framework/Versions/A/EmailCore
0x00000001d5d6d000 	/System/Library/PrivateFrameworks/EmailAddressing.framework/Versions/A/EmailAddressing
0x00000001d5d79000 	/System/Library/PrivateFrameworks/Email.framework/Versions/A/Email
0x00000001fe1d9000 	/System/Library/Frameworks/TabularData.framework/Versions/A/TabularData
0x000000027f166000 	/usr/lib/swift/libswiftPassKit.dylib
0x0000000241a32000 	/System/Library/PrivateFrameworks/BackgroundSystemTasks.framework/Versions/A/BackgroundSystemTasks
0x0000000258c56000 	/System/Library/PrivateFrameworks/LockdownMode.framework/Versions/A/LockdownMode
0x00000001ad564000 	/System/Library/PrivateFrameworks/CommunicationsFilter.framework/Versions/A/CommunicationsFilter
0x00000001e353c000 	/System/Library/Frameworks/PassKit.framework/Versions/A/PassKit
0x00000001b4730000 	/System/Library/PrivateFrameworks/PassKitCore.framework/Versions/A/PassKitCore
0x0000000260495000 	/System/Library/PrivateFrameworks/PassKitMacHelperTemp.framework/Versions/A/PassKitMacHelperTemp
0x000000023f497000 	/System/Library/PrivateFrameworks/AppIntentsServices.framework/Versions/A/AppIntentsServices
0x00000001b1f2b000 	/System/Library/PrivateFrameworks/CoreRecents.framework/Versions/A/CoreRecents
0x00000001bf7b9000 	/System/Library/PrivateFrameworks/BiometricKit.framework/Versions/A/BiometricKit
0x00000002656dd000 	/System/Library/PrivateFrameworks/SEService.framework/Versions/A/SEService
0x00000001b2b29000 	/System/Library/Frameworks/EventKit.framework/Versions/A/EventKit
0x00000001c47d5000 	/System/Library/PrivateFrameworks/NearField.framework/Versions/A/NearField
0x00000001c650d000 	/System/Library/PrivateFrameworks/FTClientServices.framework/Versions/A/FTClientServices
0x00000001df298000 	/System/Library/PrivateFrameworks/DiagnosticRequest.framework/Versions/A/DiagnosticRequest
0x000000027e163000 	/usr/lib/libSESShared.dylib
0x000000026587e000 	/System/Library/PrivateFrameworks/STSXPCHelperClient.framework/Versions/A/STSXPCHelperClient
0x000000026ef35000 	/System/Library/PrivateFrameworks/Symptoms.framework/Versions/A/Frameworks/SymptomPresentationFeed.framework/Versions/A/SymptomPresentationFeed
0x0000000240a0b000 	/System/Library/PrivateFrameworks/AppleMediaServicesKitInternal.framework/Versions/A/AppleMediaServicesKitInternal
0x000000026ecb0000 	/System/Library/PrivateFrameworks/SymptomShared.framework/Versions/A/SymptomShared
0x0000000243185000 	/System/Library/PrivateFrameworks/CalendarDatabase.framework/Versions/A/CalendarDatabase
0x00000002430d9000 	/System/Library/PrivateFrameworks/CalendarDaemon.framework/Versions/A/CalendarDaemon
0x00000001b1f80000 	/System/Library/PrivateFrameworks/CalendarFoundation.framework/Versions/A/CalendarFoundation
0x00000001b1f3c000 	/System/Library/PrivateFrameworks/iCalendar.framework/Versions/A/iCalendar
0x00000002489d2000 	/System/Library/PrivateFrameworks/DataAccessExpress.framework/Versions/A/DataAccessExpress
0x00000001b865a000 	/System/Library/PrivateFrameworks/CoreDAV.framework/Versions/A/CoreDAV
0x00000001b29fe000 	/System/Library/PrivateFrameworks/CalDAV.framework/Versions/A/CalDAV
0x00000001bcb74000 	/System/Library/PrivateFrameworks/TelephonyUtilities.framework/Versions/A/TelephonyUtilities
0x00000001c0f3f000 	/System/Library/Frameworks/CallKit.framework/Versions/A/CallKit
0x00000001e8b8a000 	/System/Library/PrivateFrameworks/IMTransferServices.framework/Versions/A/IMTransferServices
0x00000001bf4f1000 	/System/Library/PrivateFrameworks/IncomingCallFilter.framework/Versions/A/IncomingCallFilter
0x000000025dda0000 	/System/Library/PrivateFrameworks/NeighborhoodActivityConduit.framework/Versions/A/NeighborhoodActivityConduit
0x000000027df8b000 	/usr/lib/libBASupport.dylib
0x00000001cc988000 	/System/Library/PrivateFrameworks/SpotlightReceiver.framework/Versions/A/SpotlightReceiver
0x00000001c61ae000 	/usr/lib/libnfshared.dylib
0x00000001e5d6a000 	/System/Library/PrivateFrameworks/PassKitUIFoundation.framework/Versions/A/PassKitUIFoundation
0x00000001ac379000 	/System/Library/Frameworks/MapKit.framework/Versions/A/MapKit
0x00000001f8cab000 	/System/Library/Frameworks/ExtensionKit.framework/Versions/A/ExtensionKit
0x0000000251004000 	/System/Library/PrivateFrameworks/GeoAnalytics.framework/Versions/A/GeoAnalytics
0x00000001c04ff000 	/System/Library/PrivateFrameworks/SearchFoundation.framework/Versions/A/SearchFoundation
0x00000001c61e4000 	/System/Library/PrivateFrameworks/Navigation.framework/Versions/A/Navigation
0x00000001cf228000 	/System/Library/PrivateFrameworks/VectorKit.framework/Versions/A/VectorKit
0x00000001b8890000 	/System/Library/PrivateFrameworks/VirtualGarage.framework/Versions/A/VirtualGarage
0x00000001c635d000 	/System/Library/Frameworks/ExternalAccessory.framework/ExternalAccessory
0x00000001c6377000 	/System/Library/PrivateFrameworks/IAP.framework/Versions/A/IAP
0x00000001ac62c000 	/System/Library/PrivateFrameworks/IOPlatformPluginFamily.framework/Versions/A/IOPlatformPluginFamily
0x00000002418f3000 	/System/Library/PrivateFrameworks/AvatarKit.framework/Versions/A/AvatarKit
0x00000002419ab000 	/System/Library/PrivateFrameworks/AvatarPersistence.framework/Versions/A/AvatarPersistence
0x0000000264d95000 	/System/Library/PrivateFrameworks/RemoteUI.framework/Versions/A/RemoteUI
0x00000001ac730000 	/usr/lib/libCTGreenTeaLogger.dylib
0x00000001fe403000 	/System/Library/Frameworks/TipKit.framework/Versions/A/TipKit
0x00000001e14f2000 	/System/Library/PrivateFrameworks/AppleCVA.framework/Versions/A/AppleCVA
0x00000002419aa000 	/System/Library/PrivateFrameworks/AvatarKitContent.framework/Versions/A/AvatarKitContent
0x00000001ac758000 	/System/Library/PrivateFrameworks/CoreAppleCVA.framework/Versions/A/CoreAppleCVA
0x0000000257a92000 	/System/Library/PrivateFrameworks/LiftUI.framework/Versions/A/LiftUI
0x000000024408b000 	/System/Library/PrivateFrameworks/CloudSettings.framework/Versions/A/CloudSettings
0x00000001bf11b000 	/System/Library/PrivateFrameworks/CoreRoutine.framework/Versions/A/CoreRoutine
0x00000001cd9b8000 	/System/Library/PrivateFrameworks/Categories.framework/Versions/A/Categories
0x000000024458b000 	/System/Library/PrivateFrameworks/Coherence.framework/Versions/A/Coherence
0x00000001bca6f000 	/System/Library/PrivateFrameworks/CoreParsec.framework/Versions/A/CoreParsec
0x0000000260b24000 	/System/Library/PrivateFrameworks/PegasusAPI.framework/Versions/A/PegasusAPI
0x00000002617f2000 	/System/Library/PrivateFrameworks/PegasusConfiguration.framework/Versions/A/PegasusConfiguration
0x0000000258c2d000 	/System/Library/PrivateFrameworks/LocalStatusKit.framework/Versions/A/LocalStatusKit
0x00000001c10f3000 	/System/Library/PrivateFrameworks/ContextKit.framework/Versions/A/ContextKit
0x0000000244f44000 	/System/Library/PrivateFrameworks/ContextKitCore.framework/Versions/A/ContextKitCore
0x00000001c6511000 	/System/Library/PrivateFrameworks/CharacterPicker.framework/Versions/A/CharacterPicker
0x00000001bf5f8000 	/System/Library/PrivateFrameworks/ContactsDonation.framework/Versions/A/ContactsDonation
0x00000001b89b2000 	/System/Library/PrivateFrameworks/ContactsUICore.framework/Versions/A/ContactsUICore
0x00000001beefe000 	/System/Library/PrivateFrameworks/DataDetectors.framework/Versions/A/DataDetectors
0x00000001b29ea000 	/System/Library/Frameworks/MediaLibrary.framework/Versions/A/MediaLibrary
0x00000001ad553000 	/System/Library/PrivateFrameworks/PersonaKit.framework/Versions/A/PersonaKit
0x00000001b89a0000 	/System/Library/PrivateFrameworks/PersonaUI.framework/Versions/A/PersonaUI
0x00000002544a3000 	/System/Library/PrivateFrameworks/InputToolKitUI.framework/Versions/A/InputToolKitUI
0x000000025448e000 	/System/Library/PrivateFrameworks/InputToolKit.framework/Versions/A/InputToolKit
0x000000026e588000 	/System/Library/PrivateFrameworks/Stickers.framework/Versions/A/Stickers
0x00000002543fc000 	/System/Library/PrivateFrameworks/InputAnalytics.framework/Versions/A/InputAnalytics
0x00000001c8088000 	/System/Library/PrivateFrameworks/EmojiFoundation.framework/Versions/A/EmojiFoundation
0x000000024a376000 	/System/Library/PrivateFrameworks/FeedbackService.framework/Versions/A/FeedbackService
0x00000001ad1cf000 	/System/Library/PrivateFrameworks/AddressBookCore.framework/Versions/A/AddressBookCore
0x00000001c0df4000 	/System/Library/PrivateFrameworks/IntlPreferences.framework/Versions/A/IntlPreferences
0x00000001c5f73000 	/System/Library/PrivateFrameworks/ToneKit.framework/Versions/A/ToneKit
0x00000001c0e3a000 	/System/Library/PrivateFrameworks/ToneLibrary.framework/Versions/A/ToneLibrary
0x0000000244ddf000 	/System/Library/PrivateFrameworks/ContactsAccounts.framework/Versions/A/ContactsAccounts
0x00000001d193d000 	/System/Library/PrivateFrameworks/Transparency.framework/Versions/A/Transparency
0x00000001c464d000 	/System/Library/PrivateFrameworks/Lookup.framework/Versions/A/Lookup
0x00000001fc5d7000 	/System/Library/Frameworks/QuickLookUI.framework/Versions/A/QuickLookUI
0x00000001fcfb7000 	/System/Library/Frameworks/ScreenCaptureKit.framework/Versions/A/ScreenCaptureKit
0x00000001c1a90000 	/System/Library/Frameworks/Quartz.framework/Versions/A/Frameworks/QuartzComposer.framework/Versions/A/QuartzComposer
0x00000001c0dcb000 	/System/Library/Frameworks/Quartz.framework/Versions/A/Frameworks/QuartzFilters.framework/Versions/A/QuartzFilters
0x00000001bfeb1000 	/System/Library/Frameworks/Quartz.framework/Versions/A/Frameworks/ImageKit.framework/Versions/A/ImageKit
0x00000001f732b000 	/System/Library/Frameworks/OpenCL.framework/Versions/A/OpenCL
0x00000001be5fc000 	/System/Library/PrivateFrameworks/CorePDF.framework/Versions/A/CorePDF
0x00000001aa51c000 	/System/Library/Frameworks/QuickLook.framework/Versions/A/QuickLook
0x00000001b4635000 	/System/Library/PrivateFrameworks/DisplayServices.framework/Versions/A/DisplayServices
0x00000001c0d3b000 	/System/Library/Frameworks/ImageCaptureCore.framework/Versions/A/ImageCaptureCore
0x0000000275a27000 	/System/Library/PrivateFrameworks/VisionKitCore.framework/Versions/A/VisionKitCore
0x00000001bca3f000 	/System/Library/PrivateFrameworks/QuickLookSupport.framework/Versions/A/QuickLookSupport
0x000000025b2b6000 	/System/Library/PrivateFrameworks/MediaAnalysisServices.framework/Versions/A/MediaAnalysisServices
0x00000001c363c000 	/System/Library/PrivateFrameworks/PhotoLibraryServices.framework/Versions/A/PhotoLibraryServices
0x00000001c0984000 	/System/Library/Frameworks/Photos.framework/Versions/A/Photos
0x00000001d416e000 	/System/Library/PrivateFrameworks/PhotosFormats.framework/Versions/A/PhotosFormats
0x00000001d073a000 	/System/Library/PrivateFrameworks/CloudPhotoLibrary.framework/Versions/A/CloudPhotoLibrary
0x00000001d975f000 	/System/Library/PrivateFrameworks/CloudPhotoServices.framework/Versions/A/CloudPhotoServices
0x00000001d5ef6000 	/System/Library/PrivateFrameworks/CoreMediaStream.framework/Versions/A/CoreMediaStream
0x00000001adb7f000 	/System/Library/PrivateFrameworks/CPAnalytics.framework/Versions/A/CPAnalytics
0x00000001d25e2000 	/System/Library/PrivateFrameworks/MediaConversionService.framework/Versions/A/MediaConversionService
0x00000001b42a2000 	/System/Library/PrivateFrameworks/PhotoFoundation.framework/Versions/A/PhotoFoundation
0x0000000261d8a000 	/System/Library/PrivateFrameworks/PhotoLibraryServicesCore.framework/Versions/A/PhotoLibraryServicesCore
0x00000001cc339000 	/System/Library/PrivateFrameworks/MMCS.framework/Versions/A/MMCS
0x00000001b2853000 	/System/Library/PrivateFrameworks/ChunkingLibrary.framework/Versions/A/ChunkingLibrary
0x00000001aca32000 	/System/Library/PrivateFrameworks/AssetCacheServices.framework/Versions/A/AssetCacheServices
0x00000001ae75a000 	/System/Library/PrivateFrameworks/AVFoundationCF.framework/Versions/A/AVFoundationCF
0x00000001e8a87000 	/usr/lib/swift/libswiftDemangle.dylib
0x00000001bf17b000 	/System/Library/PrivateFrameworks/MediaStream.framework/Versions/A/MediaStream
0x00000001d2afc000 	/System/Library/PrivateFrameworks/NeutrinoCore.framework/Versions/A/NeutrinoCore
0x000000019dc97000 	/System/Library/PrivateFrameworks/NLP.framework/Versions/A/NLP
0x00000001d850b000 	/System/Library/PrivateFrameworks/PhotoImaging.framework/Versions/A/PhotoImaging
0x00000001d9720000 	/System/Library/PrivateFrameworks/PhotosImagingFoundation.framework/Versions/A/PhotosImagingFoundation
0x0000000262865000 	/System/Library/PrivateFrameworks/PhotosIntelligenceCore.framework/Versions/A/PhotosIntelligenceCore
0x00000001aebf1000 	/System/Library/PrivateFrameworks/EmbeddedAcousticRecognition.framework/Versions/A/EmbeddedAcousticRecognition
0x00000001d09a1000 	/System/Library/PrivateFrameworks/SDAPI.framework/Versions/A/SDAPI
0x00000001d976d000 	/System/Library/PrivateFrameworks/AutoLoop.framework/Versions/A/AutoLoop
0x00000002632ce000 	/System/Library/PrivateFrameworks/Portrait.framework/Versions/A/Portrait
0x0000000240201000 	/System/Library/PrivateFrameworks/AppleDepth.framework/Versions/A/AppleDepth
0x000000024af0c000 	/System/Library/PrivateFrameworks/FusionTracker.framework/Versions/A/FusionTracker
0x00000002402ef000 	/System/Library/PrivateFrameworks/AppleDepthCore.framework/Versions/A/AppleDepthCore
0x00000001c1550000 	/System/Library/PrivateFrameworks/iTunesCloud.framework/Versions/A/iTunesCloud
0x00000001c9dfe000 	/System/Library/PrivateFrameworks/DAAPKit.framework/Versions/A/DAAPKit
0x000000027f1ea000 	/usr/lib/swift/libswiftVideoToolbox.dylib
0x00000001bcd50000 	/System/Library/PrivateFrameworks/DeviceManagement.framework/Versions/A/DeviceManagement
0x00000001df1f7000 	/System/Library/PrivateFrameworks/ScreenTimeUI.framework/Versions/A/ScreenTimeUI
0x00000001beef8000 	/System/Library/PrivateFrameworks/QuickLookNonBaseSystem.framework/Versions/A/QuickLookNonBaseSystem
0x00000001bf6c7000 	/System/Library/PrivateFrameworks/Catalyst.framework/Versions/A/Catalyst
0x000000025aa52000 	/System/Library/PrivateFrameworks/ManagedSettingsObjC.framework/Versions/A/ManagedSettingsObjC
0x00000001c0fe1000 	/System/Library/PrivateFrameworks/ScreenTimeCore.framework/Versions/A/ScreenTimeCore
0x00000001d36d0000 	/System/Library/PrivateFrameworks/ScreenTimeServiceUI.framework/Versions/A/ScreenTimeServiceUI
0x00000001cc4c4000 	/System/Library/PrivateFrameworks/ConfigurationEngineModel.framework/Versions/A/ConfigurationEngineModel
0x00000001cf1e4000 	/System/Library/PrivateFrameworks/UsageTracking.framework/Versions/A/UsageTracking
0x00000001f8aac000 	/System/Library/Frameworks/DeviceActivity.framework/Versions/A/DeviceActivity
0x00000001cf1b4000 	/System/Library/PrivateFrameworks/KnowledgeMonitor.framework/Versions/A/KnowledgeMonitor
0x00000001e5d0f000 	/System/Library/PrivateFrameworks/BluetoothManager.framework/Versions/A/BluetoothManager
0x00000001f9c08000 	/System/Library/Frameworks/ManagedSettings.framework/Versions/A/ManagedSettings
0x000000025aa8b000 	/System/Library/PrivateFrameworks/ManagedSettingsSupport.framework/Versions/A/ManagedSettingsSupport
0x00000001e360c000 	/System/Library/Frameworks/ReplayKit.framework/Versions/A/ReplayKit
0x00000001b55ce000 	/System/Library/PrivateFrameworks/MarkupUI.framework/Versions/A/MarkupUI
0x00000001beed0000 	/System/Library/PrivateFrameworks/SidecarCore.framework/Versions/A/SidecarCore
0x00000001c1951000 	/System/Library/PrivateFrameworks/AnnotationKit.framework/Versions/A/AnnotationKit
0x00000001fe563000 	/System/Library/Frameworks/Translation.framework/Versions/A/Translation
0x00000001db135000 	/System/Library/PrivateFrameworks/RevealCore.framework/Versions/A/RevealCore
0x00000001db129000 	/System/Library/PrivateFrameworks/Reveal.framework/Versions/A/Reveal
0x000000027282f000 	/System/Library/PrivateFrameworks/TranslationUIServices.framework/Versions/A/TranslationUIServices
0x00000001c00f7000 	/System/Library/Frameworks/PencilKit.framework/Versions/A/PencilKit
0x00000001c02ac000 	/System/Library/PrivateFrameworks/SidecarUI.framework/Versions/A/SidecarUI
0x00000001bfaa4000 	/System/Library/PrivateFrameworks/CoreHandwriting.framework/Versions/A/CoreHandwriting
0x0000000197e5b000 	/usr/lib/libmecabra.dylib
0x00000001b8e29000 	/System/Library/PrivateFrameworks/Calculate.framework/Versions/A/Calculate
0x00000001a63c2000 	/usr/lib/libChineseTokenizer.dylib
0x00000001f426b000 	/System/Library/PrivateFrameworks/ScreenReaderCore.framework/Versions/A/ScreenReaderCore
0x000000026e95f000 	/System/Library/PrivateFrameworks/StocksKit.framework/Versions/A/StocksKit
0x00000001b7fa2000 	/System/Library/PrivateFrameworks/OAuth.framework/Versions/A/OAuth
0x000000026e60c000 	/System/Library/PrivateFrameworks/StocksCore.framework/Versions/A/StocksCore
0x000000026f670000 	/System/Library/PrivateFrameworks/TeaFoundation.framework/Versions/A/TeaFoundation
0x000000026f859000 	/System/Library/PrivateFrameworks/TeaSettings.framework/Versions/A/TeaSettings
0x00000001e9e51000 	/System/Library/PrivateFrameworks/NewsCore.framework/Versions/A/NewsCore
0x000000026f60d000 	/System/Library/PrivateFrameworks/TeaDB.framework/Versions/A/TeaDB
0x00000001e6af8000 	/System/Library/PrivateFrameworks/RemoteConfiguration.framework/Versions/A/RemoteConfiguration
0x00000001e9a8b000 	/System/Library/PrivateFrameworks/NewsTransport.framework/Versions/A/NewsTransport
0x00000001e9e41000 	/System/Library/PrivateFrameworks/NewsFoundation.framework/Versions/A/NewsFoundation
0x000000025e2e8000 	/System/Library/PrivateFrameworks/NewsURLBucket.framework/Versions/A/NewsURLBucket
0x00000001c3370000 	/System/Library/PrivateFrameworks/MobileInstallation.framework/Versions/A/MobileInstallation
0x0000000271876000 	/System/Library/PrivateFrameworks/TipKitCore.framework/Versions/A/TipKitCore
0x00000001c810b000 	/System/Library/PrivateFrameworks/CoreCDPInternal.framework/Versions/A/CoreCDPInternal
0x00000001b7ef4000 	/System/Library/PrivateFrameworks/AccountsDaemon.framework/Versions/A/AccountsDaemon
0x00000002649d7000 	/System/Library/PrivateFrameworks/RegulatoryDomain.framework/Versions/A/RegulatoryDomain
0x00000001dfa27000 	/System/Library/PrivateFrameworks/MachineSettings.framework/Versions/A/MachineSettings
0x00000001d1ea2000 	/System/Library/PrivateFrameworks/BezelServices.framework/Versions/A/BezelServices
0x00000001c9e87000 	/System/Library/PrivateFrameworks/SPOwner.framework/Versions/A/SPOwner
0x00000001c31ab000 	/System/Library/PrivateFrameworks/FMCore.framework/Versions/A/FMCore
0x00000002793e9000 	/System/Library/PrivateFrameworks/iCloudQuota.framework/Versions/A/iCloudQuota
0x00000001b8925000 	/System/Library/PrivateFrameworks/CoreRecognition.framework/Versions/A/CoreRecognition
0x00000001d1f57000 	/System/Library/PrivateFrameworks/InAppMessages.framework/Versions/A/InAppMessages
0x00000001f2fb5000 	/System/Library/PrivateFrameworks/JetUI.framework/Versions/A/JetUI
0x00000002577ee000 	/System/Library/PrivateFrameworks/JetPack.framework/Versions/A/JetPack
0x00000001d1f4e000 	/System/Library/PrivateFrameworks/InAppMessagesCore.framework/Versions/A/InAppMessagesCore
0x0000000278ae1000 	/System/Library/PrivateFrameworks/_JetEngine_SwiftUI.framework/Versions/A/_JetEngine_SwiftUI
0x000000026ef5d000 	/System/Library/PrivateFrameworks/Synapse.framework/Versions/A/Synapse
0x0000000242f75000 	/System/Library/PrivateFrameworks/CSExattrCrypto.framework/Versions/A/CSExattrCrypto
0x00000001b42b3000 	/System/Library/PrivateFrameworks/IMSharedUtilities.framework/Versions/A/IMSharedUtilities
0x00000001cd272000 	/System/Library/Frameworks/InstantMessage.framework/Versions/A/InstantMessage
0x00000001c5cf1000 	/System/Library/PrivateFrameworks/IDSKVStore.framework/Versions/A/IDSKVStore
0x00000001c5b31000 	/System/Library/PrivateFrameworks/IMDPersistence.framework/Versions/A/IMDPersistence
0x000000027f106000 	/usr/lib/swift/libswiftAppleArchive.dylib
0x0000000273f64000 	/System/Library/PrivateFrameworks/UserSafety.framework/Versions/A/UserSafety
0x00000001e4f61000 	/System/Library/PrivateFrameworks/BlastDoor.framework/Versions/A/BlastDoor
0x00000001fd03b000 	/System/Library/Frameworks/SensitiveContentAnalysis.framework/Versions/A/SensitiveContentAnalysis
0x00000002588d4000 	/System/Library/PrivateFrameworks/LinkPresentationStyleSheetParsing.framework/Versions/A/LinkPresentationStyleSheetParsing
0x00000001bf550000 	/System/Library/PrivateFrameworks/CoreSDB.framework/Versions/A/CoreSDB
0x0000000241349000 	/System/Library/PrivateFrameworks/AskToCore.framework/Versions/A/AskToCore
0x00000001c433a000 	/System/Library/PrivateFrameworks/StoreFoundation.framework/Versions/A/StoreFoundation
0x00000001c31a5000 	/System/Library/PrivateFrameworks/ServerInformation.framework/Versions/A/ServerInformation
0x00000001c2c16000 	/System/Library/PrivateFrameworks/Install.framework/Frameworks/DistributionKit.framework/Versions/A/DistributionKit
0x00000001bc80c000 	/System/Library/PrivateFrameworks/PackageKit.framework/Versions/A/PackageKit
0x00000001c2c39000 	/System/Library/PrivateFrameworks/OSPersonalization.framework/Versions/A/OSPersonalization
0x00000001c48a6000 	/System/Library/PrivateFrameworks/BridgeOSSoftwareUpdate.framework/Versions/A/BridgeOSSoftwareUpdate
0x00000001bf9cc000 	/System/Library/PrivateFrameworks/StorageManagement.framework/Versions/A/StorageManagement
0x00000001d3259000 	/usr/lib/libauthinstall.dylib
0x00000001c48af000 	/System/Library/PrivateFrameworks/InstallerDiagnostics.framework/Versions/A/InstallerDiagnostics
0x00000001d388c000 	/usr/lib/libcrypto.42.dylib
0x00000001c4894000 	/System/Library/PrivateFrameworks/GPUInfo.framework/Versions/A/GPUInfo
0x00000001d204e000 	/System/Library/PrivateFrameworks/MobileActivationMacOS.framework/Versions/A/MobileActivationMacOS
0x00000001adb26000 	/System/Library/PrivateFrameworks/GenerationalStorage.framework/Versions/A/GenerationalStorage
0x00000001a9086000 	/System/Library/PrivateFrameworks/CacheDelete.framework/Versions/A/CacheDelete
0x00000001b0f65000 	/System/Library/Frameworks/QuickLookThumbnailing.framework/Versions/A/QuickLookThumbnailing
0x00000001ad958000 	/System/Library/Frameworks/FileProvider.framework/Versions/A/FileProvider
0x000000019c0f8000 	/System/Library/PrivateFrameworks/DesktopServicesPriv.framework/Versions/A/DesktopServicesPriv
0x000000019e3bc000 	/System/Library/Frameworks/Accounts.framework/Versions/A/Accounts
0x00000001c48f3000 	/System/Library/PrivateFrameworks/AOSKit.framework/Versions/A/AOSKit
0x00000001a64f2000 	/System/Library/PrivateFrameworks/AppSSOCore.framework/Versions/A/AppSSOCore
0x00000001b0612000 	/System/Library/PrivateFrameworks/AppSupport.framework/Versions/A/AppSupport
0x00000001be9d5000 	/System/Library/Frameworks/AVFoundation.framework/Versions/A/AVFoundation
0x00000001b0e88000 	/System/Library/PrivateFrameworks/DuetActivityScheduler.framework/Versions/A/DuetActivityScheduler
0x00000001bf4f7000 	/System/Library/PrivateFrameworks/FTServices.framework/Versions/A/FTServices
0x00000001d0673000 	/System/Library/PrivateFrameworks/NetworkServiceProxy.framework/Versions/A/NetworkServiceProxy
0x00000001aeafe000 	/System/Library/PrivateFrameworks/Rapport.framework/Versions/A/Rapport
0x000000026ecc0000 	/System/Library/PrivateFrameworks/Symptoms.framework/Versions/A/Frameworks/SymptomAnalytics.framework/Versions/A/SymptomAnalytics
0x00000001ac69e000 	/usr/lib/libnetworkextension.dylib
0x00000001e5b25000 	/System/Library/Frameworks/CryptoKit.framework/Versions/A/CryptoKit
0x00000001b0e26000 	/System/Library/PrivateFrameworks/CryptoKitCBridging.framework/Versions/A/CryptoKitCBridging
0x00000001ae674000 	/System/Library/Frameworks/CryptoTokenKit.framework/Versions/A/CryptoTokenKit
0x00000001d9d77000 	/usr/lib/swift/libswiftCryptoTokenKit.dylib
0x00000001ae6d8000 	/System/Library/Frameworks/LocalAuthentication.framework/Versions/A/LocalAuthentication
0x0000000258aa9000 	/System/Library/PrivateFrameworks/LocalAuthenticationCore.framework/Versions/A/LocalAuthenticationCore
0x00000001ae72d000 	/System/Library/Frameworks/LocalAuthentication.framework/Support/SharedUtils.framework/Versions/A/SharedUtils
0x00000001ad701000 	/System/Library/PrivateFrameworks/SymptomDiagnosticReporter.framework/Versions/A/SymptomDiagnosticReporter
0x0000000248689000 	/System/Library/PrivateFrameworks/CryptoKitPrivate.framework/Versions/A/CryptoKitPrivate
0x00000001a04d4000 	/System/Library/PrivateFrameworks/ApplePushService.framework/Versions/A/ApplePushService
0x00000001bec00000 	/System/Library/PrivateFrameworks/FindMyDevice.framework/Versions/A/FindMyDevice
0x000000019e441000 	/System/Library/PrivateFrameworks/CommonUtilities.framework/Versions/A/CommonUtilities
0x00000001d4ca4000 	/System/Library/PrivateFrameworks/DeviceIdentity.framework/Versions/A/DeviceIdentity
0x00000001a6c1c000 	/System/Library/PrivateFrameworks/Bom.framework/Versions/A/Bom
0x00000001a8be2000 	/usr/lib/libParallelCompression.dylib
0x00000001a8bd4000 	/System/Library/PrivateFrameworks/MultiverseSupport.framework/Versions/A/MultiverseSupport
0x00000001b4710000 	/System/Library/PrivateFrameworks/FMCoreLite.framework/Versions/A/FMCoreLite
0x00000001a4848000 	/System/Library/PrivateFrameworks/AuthKit.framework/Versions/A/AuthKit
0x00000001ad834000 	/System/Library/PrivateFrameworks/DiskManagement.framework/Versions/A/DiskManagement
0x00000001ad740000 	/System/Library/PrivateFrameworks/AppleIDAuthSupport.framework/Versions/A/AppleIDAuthSupport
0x000000023cfcb000 	/System/Library/PrivateFrameworks/AAAFoundation.framework/Versions/A/AAAFoundation
0x00000001a90d2000 	/System/Library/PrivateFrameworks/KeychainCircle.framework/Versions/A/KeychainCircle
0x00000001b9304000 	/System/Library/PrivateFrameworks/URLFormatting.framework/Versions/A/URLFormatting
0x00000001b057e000 	/usr/lib/libcsfde.dylib
0x00000001a667c000 	/usr/lib/libCoreStorage.dylib
0x00000001aa491000 	/System/Library/PrivateFrameworks/ProtectedCloudStorage.framework/Versions/A/ProtectedCloudStorage
0x00000001b0579000 	/System/Library/PrivateFrameworks/EFILogin.framework/Versions/A/EFILogin
0x00000001b85ab000 	/System/Library/PrivateFrameworks/CloudServices.framework/Versions/A/CloudServices
0x00000001adb4d000 	/System/Library/PrivateFrameworks/OctagonTrust.framework/Versions/A/OctagonTrust
0x00000001ae267000 	/System/Library/PrivateFrameworks/AVFCore.framework/Versions/A/AVFCore
0x00000001b7035000 	/System/Library/PrivateFrameworks/AVFCapture.framework/Versions/A/AVFCapture
0x0000000242c91000 	/System/Library/PrivateFrameworks/CMImaging.framework/Versions/A/CMImaging
0x00000001b724d000 	/System/Library/PrivateFrameworks/Quagga.framework/Versions/A/Quagga
0x00000001b7380000 	/System/Library/PrivateFrameworks/CMCapture.framework/Versions/A/CMCapture
0x00000001a8cb6000 	/System/Library/Frameworks/CoreMediaIO.framework/Versions/A/CoreMediaIO
0x00000001b0fb1000 	/System/Library/PrivateFrameworks/Espresso.framework/Versions/A/Espresso
0x00000001f4627000 	/System/Library/PrivateFrameworks/ANECompiler.framework/Versions/A/ANECompiler
0x00000001b2f97000 	/System/Library/PrivateFrameworks/AppleNeuralEngine.framework/Versions/A/AppleNeuralEngine
0x00000001fa8c7000 	/System/Library/Frameworks/MetalPerformanceShadersGraph.framework/Versions/A/MetalPerformanceShadersGraph
0x00000002595a1000 	/System/Library/PrivateFrameworks/MLCompilerServices.framework/Versions/A/MLCompilerServices
0x00000001b1e6d000 	/System/Library/PrivateFrameworks/ANEServices.framework/Versions/A/ANEServices
0x00000001c4668000 	/usr/lib/libncurses.5.4.dylib
0x000000019aa44000 	/usr/lib/libsandbox.1.dylib
0x00000001a6674000 	/usr/lib/libMatch.1.dylib
0x0000000259545000 	/System/Library/PrivateFrameworks/MLCompilerRuntime.framework/Versions/A/MLCompilerRuntime
0x0000000242bc7000 	/System/Library/PrivateFrameworks/CMCaptureDevice.framework/Versions/A/CMCaptureDevice
0x00000002439b8000 	/System/Library/PrivateFrameworks/CinematicFraming.framework/Versions/A/CinematicFraming
0x00000001be5fe000 	/System/Library/Frameworks/CoreMotion.framework/Versions/A/CoreMotion
0x00000001cd32b000 	/System/Library/PrivateFrameworks/TimeSync.framework/Versions/A/TimeSync
0x0000000249129000 	/System/Library/PrivateFrameworks/DistributedSensing.framework/Versions/A/DistributedSensing
0x00000001c91fa000 	/System/Library/PrivateFrameworks/MobileBluetooth.framework/Versions/A/MobileBluetooth
0x00000001a888a000 	/System/Library/PrivateFrameworks/LocationSupport.framework/Versions/A/LocationSupport
0x00000001ceded000 	/System/Library/PrivateFrameworks/IOKitten.framework/Versions/A/IOKitten
0x000000019c363000 	/System/Library/PrivateFrameworks/CoreDuet.framework/Versions/A/CoreDuet
0x00000001af896000 	/System/Library/PrivateFrameworks/CoreDuetContext.framework/Versions/A/CoreDuetContext
0x00000001c9da7000 	/System/Library/PrivateFrameworks/BiomeFoundation.framework/Versions/A/BiomeFoundation
0x0000000241af6000 	/System/Library/PrivateFrameworks/BiomeLibrary.framework/Versions/A/BiomeLibrary
0x00000001cd3a9000 	/System/Library/PrivateFrameworks/BiomeStreams.framework/Versions/A/BiomeStreams
0x00000001d36d7000 	/System/Library/PrivateFrameworks/BiomePubSub.framework/Versions/A/BiomePubSub
0x00000001a053c000 	/System/Library/Frameworks/CloudKit.framework/Versions/A/CloudKit
0x00000001af8ec000 	/System/Library/Frameworks/Intents.framework/Versions/A/Intents
0x00000001b2015000 	/System/Library/PrivateFrameworks/CoreDuetDaemonProtocol.framework/Versions/A/CoreDuetDaemonProtocol
0x00000001b1e9b000 	/System/Library/PrivateFrameworks/ProactiveSupport.framework/Versions/A/ProactiveSupport
0x0000000263235000 	/System/Library/PrivateFrameworks/PoirotSchematizer.framework/Versions/A/PoirotSchematizer
0x0000000242190000 	/System/Library/PrivateFrameworks/BiomeSync.framework/Versions/A/BiomeSync
0x0000000241ad7000 	/System/Library/PrivateFrameworks/BiomeFlexibleStorage.framework/Versions/A/BiomeFlexibleStorage
0x0000000241abb000 	/System/Library/PrivateFrameworks/BiomeDSL.framework/Versions/A/BiomeDSL
0x00000001d3734000 	/System/Library/PrivateFrameworks/BiomeStorage.framework/Versions/A/BiomeStorage
0x00000002632a2000 	/System/Library/PrivateFrameworks/PoirotUDFs.framework/Versions/A/PoirotUDFs
0x0000000263204000 	/System/Library/PrivateFrameworks/PoirotSQLite.framework/Versions/A/PoirotSQLite
0x00000001b091a000 	/System/Library/PrivateFrameworks/InternationalTextSearch.framework/Versions/A/InternationalTextSearch
0x00000002570cd000 	/System/Library/PrivateFrameworks/IntelligencePlatformLibrary.framework/Versions/A/IntelligencePlatformLibrary
0x000000024357d000 	/System/Library/PrivateFrameworks/CascadeSets.framework/Versions/A/CascadeSets
0x00000001a9b70000 	/System/Library/PrivateFrameworks/IDS.framework/Versions/A/IDS
0x00000001a8810000 	/System/Library/PrivateFrameworks/IMFoundation.framework/Versions/A/IMFoundation
0x00000001b88da000 	/System/Library/PrivateFrameworks/Marco.framework/Versions/A/Marco
0x00000001a9d3d000 	/System/Library/PrivateFrameworks/IDSFoundation.framework/Versions/A/IDSFoundation
0x00000001b55fa000 	/System/Library/PrivateFrameworks/Engram.framework/Versions/A/Engram
0x00000001b559a000 	/usr/lib/libtidy.A.dylib
0x00000001cce92000 	/System/Library/PrivateFrameworks/FTAWD.framework/Versions/A/FTAWD
0x00000001fd0fb000 	/System/Library/Frameworks/SharedWithYouCore.framework/Versions/A/SharedWithYouCore
0x00000001b09e5000 	/System/Library/PrivateFrameworks/AppleAccount.framework/Versions/A/AppleAccount
0x00000001b0f0b000 	/System/Library/PrivateFrameworks/C2.framework/Versions/A/C2
0x00000001a1d2e000 	/System/Library/Frameworks/CoreLocation.framework/Versions/A/CoreLocation
0x0000000243d66000 	/System/Library/PrivateFrameworks/CloudAssets.framework/Versions/A/CloudAssets
0x00000001b0f02000 	/System/Library/Frameworks/PushKit.framework/Versions/A/PushKit
0x00000001db84b000 	/usr/lib/swift/libswiftAVFoundation.dylib
0x00000001c5ad8000 	/usr/lib/swift/libswiftCoreLocation.dylib
0x00000001c5aee000 	/usr/lib/swift/libswiftCoreMIDI.dylib
0x00000001d9d79000 	/usr/lib/swift/libswiftCoreMedia.dylib
0x00000001a9fd1000 	/System/Library/PrivateFrameworks/Sharing.framework/Versions/A/Sharing
0x00000001aff3d000 	/System/Library/PrivateFrameworks/Apple80211.framework/Versions/A/Apple80211
0x00000001a3e04000 	/System/Library/Frameworks/CoreWLAN.framework/Versions/A/CoreWLAN
0x00000001b4005000 	/System/Library/PrivateFrameworks/AssistantServices.framework/Versions/A/AssistantServices
0x00000001ae901000 	/System/Library/PrivateFrameworks/SAObjects.framework/Versions/A/SAObjects
0x00000001b3c3d000 	/System/Library/PrivateFrameworks/MediaRemote.framework/Versions/A/MediaRemote
0x00000001c4d4a000 	/System/Library/PrivateFrameworks/SiriInstrumentation.framework/Versions/A/SiriInstrumentation
0x0000000266ad2000 	/System/Library/PrivateFrameworks/SiriAnalytics.framework/Versions/A/SiriAnalytics
0x000000026c68a000 	/System/Library/PrivateFrameworks/SiriTTSService.framework/Versions/A/SiriTTSService
0x000000026748e000 	/System/Library/PrivateFrameworks/SiriCrossDeviceArbitration.framework/Versions/A/SiriCrossDeviceArbitration
0x00000001c29e3000 	/System/Library/PrivateFrameworks/FeedbackLogger.framework/Versions/A/FeedbackLogger
0x00000002674e2000 	/System/Library/PrivateFrameworks/SiriCrossDeviceArbitrationFeedback.framework/Versions/A/SiriCrossDeviceArbitrationFeedback
0x0000000250ecd000 	/System/Library/PrivateFrameworks/GenerativeModels.framework/Versions/A/GenerativeModels
0x00000001b8746000 	/System/Library/PrivateFrameworks/MediaServices.framework/Versions/A/MediaServices
0x00000001a68df000 	/System/Library/PrivateFrameworks/PersistentConnection.framework/Versions/A/PersistentConnection
0x00000001aa76a000 	/System/Library/PrivateFrameworks/GeoServices.framework/Versions/A/GeoServices
0x00000002510f5000 	/System/Library/PrivateFrameworks/GeoServicesCore.framework/Versions/A/GeoServicesCore
0x00000001b9302000 	/System/Library/PrivateFrameworks/PhoneNumbers.framework/Versions/A/PhoneNumbers
0x0000000248b91000 	/System/Library/PrivateFrameworks/Dendrite.framework/Versions/A/Dendrite
0x000000024146f000 	/System/Library/PrivateFrameworks/AtomicsInternal.framework/Versions/A/AtomicsInternal
0x00000001c68e8000 	/usr/lib/libtailspin.dylib
0x00000001d9875000 	/System/Library/PrivateFrameworks/Osprey.framework/Versions/A/Osprey
0x000000026bd09000 	/System/Library/PrivateFrameworks/SiriTTS.framework/Versions/A/SiriTTS
0x00000001bf614000 	/System/Library/Frameworks/NaturalLanguage.framework/Versions/A/NaturalLanguage
0x000000026aa43000 	/System/Library/PrivateFrameworks/SiriPowerInstrumentation.framework/Versions/A/SiriPowerInstrumentation
0x00000001c0439000 	/System/Library/PrivateFrameworks/Trial.framework/Versions/A/Trial
0x00000001c03bb000 	/System/Library/PrivateFrameworks/TrialProto.framework/Versions/A/TrialProto
0x00000002737da000 	/System/Library/PrivateFrameworks/UnifiedAssetFramework.framework/Versions/A/UnifiedAssetFramework
0x00000001ea777000 	/usr/lib/swift/libswiftNaturalLanguage.dylib
0x000000026f60b000 	/System/Library/PrivateFrameworks/TailspinSymbolication.framework/Versions/A/TailspinSymbolication
0x00000002488a0000 	/System/Library/PrivateFrameworks/Darwinup.framework/Versions/A/Darwinup
0x00000001d264f000 	/System/Library/PrivateFrameworks/SignpostSupport.framework/Versions/A/SignpostSupport
0x00000001bf4dd000 	/System/Library/PrivateFrameworks/FeatureFlagsSupport.framework/Versions/A/FeatureFlagsSupport
0x00000001d1db2000 	/System/Library/PrivateFrameworks/ktrace.framework/Versions/A/ktrace
0x00000001d28cf000 	/System/Library/PrivateFrameworks/SampleAnalysis.framework/Versions/A/SampleAnalysis
0x00000001db111000 	/System/Library/PrivateFrameworks/kperfdata.framework/Versions/A/kperfdata
0x00000001aa64b000 	/usr/lib/libdscsym.dylib
0x00000001db5a9000 	/System/Library/PrivateFrameworks/BulkSymbolication.framework/Versions/A/BulkSymbolication
0x00000001a09d7000 	/System/Library/Frameworks/CoreML.framework/Versions/A/CoreML
0x00000001e8a51000 	/usr/lib/libedit.3.dylib
0x00000001a444a000 	/System/Library/Frameworks/MLCompute.framework/Versions/A/MLCompute
0x00000002593f4000 	/System/Library/PrivateFrameworks/MLAssetIO.framework/Versions/A/MLAssetIO
0x000000027f148000 	/usr/lib/swift/libswiftMLCompute.dylib
0x0000000198f19000 	/System/Library/PrivateFrameworks/LanguageModeling.framework/Versions/A/LanguageModeling
0x000000019da83000 	/System/Library/PrivateFrameworks/Montreal.framework/Versions/A/Montreal
0x00000001a4d77000 	/usr/lib/libcmph.dylib
0x0000000250f8f000 	/System/Library/PrivateFrameworks/GenerativeModelsFoundation.framework/Versions/A/GenerativeModelsFoundation
0x0000000271ba1000 	/System/Library/PrivateFrameworks/TokenGeneration.framework/Versions/A/TokenGeneration
0x0000000250d66000 	/System/Library/PrivateFrameworks/GenerativeFunctions.framework/Versions/A/GenerativeFunctions
0x0000000250db7000 	/System/Library/PrivateFrameworks/GenerativeFunctionsFoundation.framework/Versions/A/GenerativeFunctionsFoundation
0x000000025c348000 	/System/Library/PrivateFrameworks/ModelCatalog.framework/Versions/A/ModelCatalog
0x00000002663cf000 	/System/Library/PrivateFrameworks/SensitiveContentAnalysisML.framework/Versions/A/SensitiveContentAnalysisML
0x0000000250e66000 	/System/Library/PrivateFrameworks/GenerativeFunctionsInstrumentation.framework/Versions/A/GenerativeFunctionsInstrumentation
0x00000002642c7000 	/System/Library/PrivateFrameworks/PromptKit.framework/Versions/A/PromptKit
0x0000000263df1000 	/System/Library/PrivateFrameworks/ProactiveDaemonSupport.framework/Versions/A/ProactiveDaemonSupport
0x0000000271d59000 	/System/Library/PrivateFrameworks/TokenGenerationCore.framework/Versions/A/TokenGenerationCore
0x0000000274e51000 	/System/Library/PrivateFrameworks/VectorSearch.framework/Versions/A/VectorSearch
0x000000025c60d000 	/System/Library/PrivateFrameworks/ModelManagerServices.framework/Versions/A/ModelManagerServices
0x00000002403d1000 	/System/Library/PrivateFrameworks/AppleFlatBuffers.framework/Versions/A/AppleFlatBuffers
0x00000001b8cf0000 	/System/Library/PrivateFrameworks/ProactiveEventTracker.framework/Versions/A/ProactiveEventTracker
0x000000023cfe7000 	/System/Library/PrivateFrameworks/AAAFoundationSwift.framework/Versions/A/AAAFoundationSwift
0x00000001b0c3a000 	/System/Library/PrivateFrameworks/AppleIDSSOAuthentication.framework/Versions/A/AppleIDSSOAuthentication
0x00000001cc61d000 	/usr/lib/swift/libswiftCompression.dylib
0x000000026655a000 	/System/Library/PrivateFrameworks/SentencePieceInternal.framework/Versions/A/SentencePieceInternal
0x00000001acacc000 	/System/Library/Frameworks/Vision.framework/Versions/A/Vision
0x00000002482f4000 	/System/Library/PrivateFrameworks/CoreSceneUnderstanding.framework/Versions/A/CoreSceneUnderstanding
0x00000002759dc000 	/System/Library/PrivateFrameworks/VisionCore.framework/Versions/A/VisionCore
0x00000001c81e9000 	/System/Library/Frameworks/Vision.framework/libfaceCore.dylib
0x00000001c8ce3000 	/System/Library/PrivateFrameworks/Futhark.framework/Versions/A/Futhark
0x00000001cc3e5000 	/System/Library/PrivateFrameworks/InertiaCam.framework/Versions/A/InertiaCam
0x00000001c8a96000 	/System/Library/PrivateFrameworks/TextRecognition.framework/Versions/A/TextRecognition
0x00000001a6512000 	/System/Library/PrivateFrameworks/CVNLP.framework/Versions/A/CVNLP
0x000000024fae8000 	/System/Library/PrivateFrameworks/GRDBInternal.framework/Versions/A/GRDBInternal
0x00000001b2d05000 	/System/Library/PrivateFrameworks/RTCReporting.framework/Versions/A/RTCReporting
0x00000001b0ef1000 	/System/Library/PrivateFrameworks/IntentsFoundation.framework/Versions/A/IntentsFoundation
0x00000001a98f9000 	/System/Library/Frameworks/NetworkExtension.framework/Versions/A/NetworkExtension
0x00000001c41e9000 	/System/Library/PrivateFrameworks/CaptiveNetwork.framework/Versions/A/CaptiveNetwork
0x00000001b048a000 	/System/Library/PrivateFrameworks/EAP8021X.framework/Versions/A/EAP8021X
0x00000001d289b000 	/System/Library/PrivateFrameworks/UIKitServices.framework/Versions/A/UIKitServices
0x0000000124380000 	/System/Library/Extensions/AGXMetalG15G_C0.bundle/Contents/MacOS/AGXMetalG15G_C0
0x00000001b85f8000 	/System/Library/PrivateFrameworks/IOGPU.framework/Versions/A/IOGPU
0x0000000123d8c000 	/Library/Java/JavaVirtualMachines/zulu-8.jdk/Contents/Home/jre/lib/libfontmanager.dylib
0x0000000123ec8000 	/Library/Java/JavaVirtualMachines/zulu-8.jdk/Contents/Home/jre/lib/libfreetype.dylib
0x0000000123e18000 	/Users/maxmanolov/.cache/vertex-run/natives/liblwjgl.dylib
0x0000000123bf0000 	/Library/Java/JavaVirtualMachines/zulu-8.jdk/Contents/Home/jre/lib/libjawt.dylib
0x00000001f71a5000 	/System/Library/Frameworks/OpenGL.framework/Versions/A/Resources/GLEngine.bundle/GLEngine
0x00000001f704a000 	/System/Library/Frameworks/OpenGL.framework/Versions/A/Libraries/libGLProgrammability.dylib
0x0000000124ddc000 	/System/Library/Extensions/AppleMetalOpenGLRenderer.bundle/Contents/MacOS/AppleMetalOpenGLRenderer
0x00000001f7306000 	/System/Library/Frameworks/OpenGL.framework/Versions/A/Resources/GLRendererFloat.bundle/GLRendererFloat
0x00000001609d0000 	/Users/maxmanolov/.cache/vertex-run/natives/openal.dylib
0x0000000160e30000 	/System/Library/Components/CoreAudio.component/Contents/MacOS/CoreAudio
0x0000000163e98000 	/Library/Java/JavaVirtualMachines/zulu-8.jdk/Contents/Home/jre/lib/libsunec.dylib
0x00000001f3d60000 	/System/Library/PrivateFrameworks/VoiceShortcutClient.framework/Versions/A/VoiceShortcutClient
0x00000001c65b4000 	/System/Library/PrivateFrameworks/ChronoServices.framework/Versions/A/ChronoServices
0x0000000265063000 	/System/Library/PrivateFrameworks/ReplicatorEngine.framework/Versions/A/ReplicatorEngine
0x0000000265216000 	/System/Library/PrivateFrameworks/ReplicatorServices.framework/Versions/A/ReplicatorServices
0x000000026f1d9000 	/System/Library/PrivateFrameworks/SystemWake.framework/Versions/A/SystemWake

VM Arguments:
jvm_args: -Xmx2G -Djava.library.path=/Users/maxmanolov/.cache/vertex-run/natives 
java_command: net.minecraft.launchwrapper.Launch --tweakClass vertex.VertexTweaker --username Max --uuid ec19ab1a-9b54-3aea-9df0-2bad2896c38d --userType legacy --version 1.7.10-Vertex --accessToken 0 --userProperties {} --gameDir /Users/maxmanolov/.minecraft-vertex --assetsDir /Users/maxmanolov/.minecraft-vertex/assets
java_class_path (initial): /Users/maxmanolov/vertex/build/libs/vertex-0.4.0.jar:/Users/maxmanolov/.gradle/caches/modules-2/files-2.1/net.minecraft/launchwrapper/1.12/111e7bea9c968cdb3d06ef4632bf7ff0824d0f36/launchwrapper-1.12.jar:/Users/maxmanolov/.cache/vertex-run/minecraft-1.7.10.jar:/Users/maxmanolov/.cache/vertex-run/lwjgl-2.9.4.jar:/Users/maxmanolov/.cache/vertex-run/lwjgl_util-2.9.4.jar:/Users/maxmanolov/.m2/repository/javazoom/jlayer/1.0.1/jlayer-1.0.1.jar:/Users/maxmanolov/.m2/repository/org/projectlombok/lombok/1.18.12/lombok-1.18.12.jar:/Users/maxmanolov/.m2/repository/org/java-websocket/Java-WebSocket/1.4.1/Java-WebSocket-1.4.1.jar:/Users/maxmanolov/.m2/repository/org/slf4j/slf4j-api/1.7.25/slf4j-api-1.7.25.jar:/Users/maxmanolov/.m2/repository/net/sf/trove4j/trove4j/3.0.1/trove4j-3.0.1.jar:/Users/maxmanolov/.m2/repository/oshi-project/oshi-core/1.1/oshi-core-1.1.jar:/Users/maxmanolov/.m2/repository/net/java/dev/jna/jna/3.4.0/jna-3.4.0.jar:/Users/maxmanolov/.m2/repository/net/java/dev/jna/platform/3.4.0/platform-3.4.0.jar:/Users/maxmanolov/.m2/repository/com/ibm/icu/icu4j/51.2/icu4j-51.2.jar:/Users/maxmanolov/.m2/repository/net/sf/jopt-simple/jopt-simple/4.6/jopt-simple-4.6.jar:/Users/maxmanolov/.m2/repository/com/paulscode/codecjorbis/20101023/codecjorbis-20101023.jar:/Users/maxmanolov/.m2/repository/com/paulscode/codecwav/20101023/codecwav-20101023.jar:/Users/maxmanolov/.m2/repository/com/paulscode/libraryjavasound/20101123/libraryjavasound-20101123.jar:/Users/maxmanolov/.m2/repository/com/paulscode/librarylwjglopenal/20100824/librarylwjglopenal-20100824.jar:/Users/maxmanolov/.m2/repository/com/paulscode/soundsystem/20120107/soundsystem-20120107.jar:/Users/maxmanolov/.m2/repository/io/netty/netty-all/4.0.10.Final/netty-all-4.0.10.Final.jar:/Users/maxmanolov/.m2/repository/com/google/guava/guava/17.0/guava-17.0.jar:/Users/maxmanolov/.m2/repository/org/apache/commons/commons-lang3/3.3.2/commons-lang3-3.3.2.jar:/Users/maxmanolov/.m2/repository/commons-io/
Launcher Type: SUN_STANDARD

Environment Variables:
PATH=/opt/homebrew/bin:/opt/homebrew/sbin:/usr/local/bin:/System/Cryptexes/App/usr/bin:/usr/bin:/bin:/usr/sbin:/sbin:/var/run/com.apple.security.cryptexd/codex.system/bootstrap/usr/local/bin:/var/run/com.apple.security.cryptexd/codex.system/bootstrap/usr/bin:/var/run/com.apple.security.cryptexd/codex.system/bootstrap/usr/appleinternal/bin:/Library/Apple/usr/bin:/Users/maxmanolov/.local/bin:/Users/maxmanolov/Library/Application Support/JetBrains/Toolbox/scripts
SHELL=/bin/zsh

Signal Handlers:
SIGSEGV: [libjvm.dylib+0x562960], sa_mask[0]=11111111011111110111111111111111, sa_flags=SA_ONSTACK|SA_RESTART|SA_SIGINFO
SIGBUS: [libjvm.dylib+0x562960], sa_mask[0]=11111111011111110111111111111111, sa_flags=SA_RESTART|SA_SIGINFO
SIGFPE: [libjvm.dylib+0x45b794], sa_mask[0]=11111111011111110111111111111111, sa_flags=SA_RESTART|SA_SIGINFO
SIGPIPE: [libjvm.dylib+0x45b794], sa_mask[0]=11111111011111110111111111111111, sa_flags=SA_RESTART|SA_SIGINFO
SIGXFSZ: [libjvm.dylib+0x45b794], sa_mask[0]=11111111011111110111111111111111, sa_flags=SA_RESTART|SA_SIGINFO
SIGILL: [libjvm.dylib+0x45b794], sa_mask[0]=11111111011111110111111111111111, sa_flags=SA_RESTART|SA_SIGINFO
SIGUSR1: SIG_DFL, sa_mask[0]=00000000000000000000000000000000, sa_flags=SA_RESTART
SIGUSR2: [libjvm.dylib+0x45c0b8], sa_mask[0]=00000000000000000000000000000000, sa_flags=SA_RESTART|SA_SIGINFO
SIGHUP: [libjvm.dylib+0x45a040], sa_mask[0]=11111111011111110111111111111111, sa_flags=SA_RESTART|SA_SIGINFO
SIGINT: [libjvm.dylib+0x45a040], sa_mask[0]=11111111011111110111111111111111, sa_flags=SA_RESTART|SA_SIGINFO
SIGTERM: [libjvm.dylib+0x45a040], sa_mask[0]=11111111011111110111111111111111, sa_flags=SA_RESTART|SA_SIGINFO
SIGQUIT: [libjvm.dylib+0x45a040], sa_mask[0]=11111111011111110111111111111111, sa_flags=SA_RESTART|SA_SIGINFO


---------------  S Y S T E M  ---------------

OS:Bsduname:Darwin 24.6.0 Darwin Kernel Version 24.6.0: Tue Apr 21 20:15:34 PDT 2026; root:xnu-11417.140.69.710.16~1/RELEASE_ARM64_T8122 arm64
rlimit: STACK 8176k, CORE 0k, NPROC 1333, NOFILE 10240, AS infinity
load average:2.51 2.65 2.58

CPU:total 8 (initial active 8) 0x61:0x0:0xfa33415e:0, simd, crc, lse

Memory: 16k page, physical 8388608k(93008k free)

/proc/meminfo:


vm_info: OpenJDK 64-Bit Server VM (25.502-b07) for bsd-aarch64 JRE (Zulu 8.96.0.19-CA-macos-aarch64) (1.8.0_502-b07), built on Jul  7 2026 03:11:40 by "zulu_re" with gcc Apple LLVM 12.0.0 (clang-1200.0.32.28)

time: Sun Aug  9 21:56:27 2026
timezone: PDT
elapsed time: 679.200775 seconds (0d 0h 11m 19s)

